ID.GG,Block_ID.GG,Connected_Gene_Protein.GG_Human,Gene_Protein.GG_Human,Connection_Type.GG_Human,Regulation_Level.GG_Human,Disease.GG_Human,Treatment_Exposure.GG_Human,Associated_Factors.GG_Human,Cellline.GG_Human,Species.GG_Human,Tissue.GG_Human,Confidence.GG_Human,Type_of_Evidence.GG_Human,Sentence.GG_Human,Gene_Protein_unnormalized.GG_Human,Gene_Protein_normalized.GG_Human,Connected_Gene_Protein_unnormalized.GG_Human,Connected_Gene_Protein_normalized.GG_Human,Source_Human,Connected_Gene_Protein.GG_AI,Gene_Protein.GG_AI,Connection_Type.GG_AI,Regulation_Level.GG_AI,Disease.GG_AI,Treatment_Exposure.GG_AI,Associated_Factors.GG_AI,Cellline.GG_AI,Species.GG_AI,Tissue.GG_AI,Confidence.GG_AI,Type_of_Evidence.GG_AI,Sentence.GG_AI,Gene_Protein_unnormalized.GG_AI,Gene_Protein_normalized.GG_AI,Connected_Gene_Protein_unnormalized.GG_AI,Connected_Gene_Protein_normalized.GG_AI,Source_AI,Human_Index,AI_Index
pmc10367263,1.0,myc (p),runx2 (p),activator,transcription,cancer(osteosarcoma)(sarcoma),,,,human,,high,citation,[10],runx2 (p),runx2,myc (p),myc,human,myc,runx2,activator,transcription,cancer(osteosarcoma)(sarcoma),,increased cell survival,os cells,,bone,high,citation,"[10,11]",runx2,runx2,myc,myc,ai,3,1
pmc10367263,1.0,myc (p),runx3 (p),activator,transcription,cancer(osteosarcoma)(sarcoma),,,,human,,high,citation,[12],runx3 (p),runx3,myc (p),myc,human,myc,runx3,activator,,cancer(osteosarcoma)(sarcoma),,promotes osteosarcoma development,,,bone,high,citation,[12],runx3,runx3,myc,myc,ai,4,2
pmc10367263,1.0,myc (p),sox9 (p),activator,,cancer(osteosarcoma)(sarcoma),,,,human,,high,direct,[20],sox9 (p),sox9,myc (p),myc,human,myc,sox9,activator,,cancer(osteosarcoma)(sarcoma),,,,,bone,high,citation,[20],sox9,sox9,myc,myc,ai,6,4
pmc10367263,1.0,myc (p),runx2 (p),activator,transcription,cancer(osteosarcoma)(sarcoma),,,,human,,high,"direct,citation","[20, 10]",runx2 (p),runx2,myc (p),myc,human,myc,runx2,activator,,cancer(osteosarcoma)(sarcoma),,,,,bone,high,citation,[20],runx2,runx2,myc,myc,ai,7,5
pmc10367263,1.0,znf471 (g),runx2 (p),inhibitor,transcription,cancer(osteosarcoma)(sarcoma),,,,human,,high,direct,[26],runx2 (p),runx2,znf471 (g),znf471,human,znf471(p),runx2,inhibitor,,cancer(osteosarcoma)(sarcoma),,,,,bone,high,citation,"[24,25,26]",runx2,runx2,znf471(p),znf471,ai,8,7
pmc10367263,1.0,alx4 (g),runx2 (p),inhibitor,transcription,cancer(osteosarcoma)(sarcoma),,,,human,,high,direct,[26],runx2 (p),runx2,alx4 (g),alx4,human,alx4(p),runx2,inhibitor,,cancer(osteosarcoma)(sarcoma),,,,,bone,high,citation,"[24,25,26]",runx2,runx2,alx4(p),alx4,ai,9,8
pmc10367263,1.0,jmjd1c (p),sox9 (p),connected,,cancer(osteosarcoma)(sarcoma),,,,human,,medium,hypothetical,[21],sox9 (p),sox9,jmjd1c (p),jmjd1c,human,jmjd1c,sox9,target,,cancer(osteosarcoma)(sarcoma),,jmjd1c as potential therapeutic target,,,bone,high,citation,[21],sox9,sox9,jmjd1c,jmjd1c,ai,16,6
pmc10367263,1.0,sox9 (p),runx2 (p),activator,transcription,cancer(osteosarcoma)(sarcoma),,,"saos2,293-t,hos-mnng",human,,high,direct,"[18,19,35,60,62,63,64]",runx2 (p),runx2,sox9 (p),sox9,human,sox9,runx2(g)(mut),inhibitor,"transcription, translation",cancer(osteosarcoma)(sarcoma),,"knock-down, mild decrease in sox9 expression",saos2,mouse,bone,high,direct,"[35,36]",runx2(g)(mut),runx2,sox9,sox9,ai,17,18
pmc10367263,1.0,sox9 (p),runx2 (p),activator,transcription,cancer(osteosarcoma)(sarcoma),,,"saos2,293-t,hos-mnng",human,,high,direct,"[18,19,35,60,62,63,64]",runx2 (p),runx2,sox9 (p),sox9,human,sox9,runx2,target,,cancer(osteosarcoma)(sarcoma),,runx2 binds to the downstream region of the sox9 locus,,mouse,bone,high,direct,"[37,39,40,51]",runx2,runx2,sox9,sox9,ai,17,19
pmc10367263,1.0,sox9 (p),runx3 (p),activator,transcription,cancer(osteosarcoma)(sarcoma),,,saos2,human,,low,hypothetical,[36],runx3 (p),runx3,sox9 (p),sox9,human,sox9(p),runx3,activator,,cancer(osteosarcoma)(sarcoma),,,,,bone,high,citation,"[24,25,26]",runx3,runx3,sox9(p),sox9,ai,18,14
pmc10367263,2.0,gadd45(p)(fam),sox9,inhibitor,,cancer(osteosarcoma)(sarcoma),,,,human,,high,direct,[87],sox9,sox9,gadd45(p)(fam),gadd45(fam),human,gadd45(path),sox9(g),inhibitor,,cancer(osteosarcoma)(sarcoma),sox9 knockdown by shrnas,,os cells,,,high,direct,[87],sox9(g),sox9,gadd45(path),gadd45(fam),ai,23,29
pmc10367263,2.0,tgf-β(p)(fam),sox9,inhibitor,,cancer(osteosarcoma)(sarcoma),,,,human,,high,direct,[87],sox9,sox9,tgf-β(p)(fam),tgfb(fam),human,tgf-β(path),sox9(g),inhibitor,,cancer(osteosarcoma)(sarcoma),sox9 knockdown by shrnas,,os cells,,,high,direct,[87],sox9(g),sox9,tgf-β(path),tgfb(path),ai,24,30
pmc10367263,2.0,myc,sox9,activator,,cancer(osteosarcoma)(sarcoma),,,,human,,high,direct,"[90,91]",sox9,sox9,myc,myc,human,myc(g),sox9(g),activator,,cancer(osteosarcoma)(sarcoma),sox9 knockdown by shrnas,,os cells,,,high,direct,"[90,91,92,96,97]",sox9(g),sox9,myc(g),myc,ai,25,32
pmc10367263,2.0,runx2(p),sox9(p),target,,cancer(osteosarcoma)(sarcoma),,,"saos2,os dunn cells","human,mouse",,high,direct,"[98,106]",sox9(p),sox9,runx2(p),runx2,human,runx2(p),sox9(p),connected,protein,cancer(osteosarcoma)(sarcoma),,,saos2,human,,high,direct,"[97,98,105,106,107,114]",sox9(p),sox9,runx2(p),runx2,ai,26,33
pmc10367263,2.0,jmjd1c(p),sox9(p),target,,cancer(osteosarcoma)(sarcoma),,cancer growth,"saos2,os dunn cells","human,mouse",,high,direct,"[98,106,130]",sox9(p),sox9,jmjd1c(p),jmjd1c,human,jmjd1c(p),sox9(p),connected,protein,cancer(osteosarcoma)(sarcoma),,,dunn cells,mouse,,high,direct,"[97,98]",sox9(p),sox9,jmjd1c(p),jmjd1c,ai,27,34
pmc10367263,2.0,jmjd1c(p),sox9(p),target,,cancer(osteosarcoma)(sarcoma),,cancer growth,"saos2,os dunn cells","human,mouse",,high,direct,"[98,106,130]",sox9(p),sox9,jmjd1c(p),jmjd1c,human,jmjd1c(p),sox9(p),connected,protein,cancer(osteosarcoma)(sarcoma),,,saos2,human,,high,"direct,indirect","[107,123,124,130]",sox9(p),sox9,jmjd1c(p),jmjd1c,ai,27,36
pmc10367263,2.0,ep300 (g),sox9 (g),connected,,cancer(osteosarcoma)(sarcoma),,,os dunn cells,mouse,,medium,"citation,direct","[102,115,116]",sox9 (g),sox9,ep300 (g),ep300,human,p300(p),sox9(p),connected,protein,cancer(osteosarcoma)(sarcoma),,functional interaction,,,,high,citation,[118],sox9(p),sox9,p300(p),ep300,ai,29,37
pmc10367263,4.0,sox9(p),runx2(p),activator,transcription,cancer(osteosarcoma)(sarcoma),,,,,,high,direct,"[143, 145, 146, 149, 150]",runx2(p),runx2,sox9(p),sox9,human,sox9,runx2,activator,transcription,cancer(osteosarcoma)(sarcoma),,,,,,high,direct,"[143, 145,146,149,150]",runx2,runx2,sox9,sox9,ai,39,39
pmc10367263,4.0,jmjd1c(p),sox9(p),connected,,cancer(osteosarcoma)(sarcoma),,,,,,high,direct,"[147, 149, 160, 161]",sox9(p),sox9,jmjd1c(p),jmjd1c,human,sox9(p),jmjd1c(p),connected,,cancer(osteosarcoma)(sarcoma),,cell survival,,,,medium,indirect,"[160,161]",jmjd1c(p),jmjd1c,sox9(p),sox9,ai,40,44
pmc10367263,4.0,myc(g),sox9(p),activator,transcription,cancer(osteosarcoma)(sarcoma),,,,,,high,direct,"[146, 151, 153]",sox9(p),sox9,myc(g),myc,human,myc,sox9,activator,transcription,cancer(osteosarcoma)(sarcoma),,,,,,high,citation,"[143,146]",sox9,sox9,myc,myc,ai,41,41
pmc10367263,4.0,myc(g),runx2(p),activator,transcription,cancer(osteosarcoma)(sarcoma),,,,,,high,direct,"[146, 167]",runx2(p),runx2,myc(g),myc,human,myc,runx2,activator,transcription,cancer(osteosarcoma)(sarcoma),,,,,,high,direct,"[146,167]",runx2,runx2,myc,myc,ai,42,40
pmc10367263,4.0,stat3(p),jmjd1c(p),target,protein,cancer(osteosarcoma)(sarcoma),,,,,,medium,citation,"[155,156]",jmjd1c(p),jmjd1c,stat3(p),stat3,human,stat3,jmjd1c,target,protein,cancer(osteosarcoma)(sarcoma),,,,,,high,citation,"[148,155]",jmjd1c,jmjd1c,stat3,stat3,ai,43,43
pmc10367263,4.0,menin(p),runx2(p),activator,transcription,cancer(osteosarcoma)(sarcoma),,,,,,high,direct,"[167,168]",runx2(p),runx2,menin(p),men1,human,menin(p),runx2(p),target,,cancer(osteosarcoma)(sarcoma),,,,,,high,direct,"[167,168]",runx2(p),runx2,menin(p),men1,ai,44,47
pmc10367263,4.0,myc(g),menin(p),activator,transcription,cancer(osteosarcoma)(sarcoma),,,,,,high,direct,"[167,168]",menin(p),men1,myc(g),myc,human,myc,menin,activator,,cancer(osteosarcoma)(sarcoma),,,,,,high,direct,"[143,146,167,168]",menin,men1,myc,myc,ai,45,46
pmc4941290,9.0,mapk(p),pi3k(p),activator,protein,cancer(prostate)(carcinoma),,,,,,high,citation,[194],pi3k(p),pik3(fam),mapk(p),mapk(fam),human,mapk,pi3k/akt(path),connected,protein,cancer(prostate cancer)(na),,inhibition of pi3k/akt pathway activates mapk,,,,low,indirect,"[188,192]",pi3k/akt(path),pi3k/akt(path),mapk,mapk(fam),ai,76,77
pmc4941290,9.0,akt(p)(fam),stat3(p),inhibitor,protein,cancer(prostate)(carcinoma),azd5363,stat3 phosphorilation,,mouse,,high,correlation,[191],stat3(p),stat3,akt(p)(fam),akt(fam),human,akt,stat3,connected,protein,cancer(prostate cancer)(na),,increased stat3 phosphorylation decreased akt activity,,,,high,direct,"[188,191]",stat3,stat3,akt,akt(fam),ai,83,76
pmc4941290,9.0,mapk(fam),pi3k (p)(fam),inhibitor,,cancer(prostate)(carcinoma),azd5363,"treatment resistance,phosphorilation, proliferative tumor cells",,mouse,,medium,direct,"[188,192]",pi3k (p)(fam),pik3(fam),mapk(fam),mapk(fam),human,mapk,pi3k/akt(path),connected,protein,cancer(prostate cancer)(na),,inhibition of pi3k/akt pathway activates mapk,,,,low,indirect,"[188,192]",pi3k/akt(path),pi3k/akt(path),mapk,mapk(fam),ai,84,77
pmc4941290,9.0,jak (fam),pi3k (p)(fam),inhibitor,,cancer(prostate)(carcinoma),azd5364,"treatment resistance,phosphorilation, proliferative tumor cells",,mouse,,medium,direct,"[188,192]",pi3k (p)(fam),pik3(fam),jak (fam),jak(fam),human,jak/sta3(path),pi3k/akt(path),connected,protein,cancer(prostate cancer)(na),,inhibition of pi3k/akt pathway activates jak/sta,,,,low,indirect,"[188,192]",pi3k/akt(path),pi3k/akt(path),jak/sta3(path),jak/stat3(path),ai,85,78
pmc4941290,9.0,stat3,pi3k (p)(fam),inhibitor,,cancer(prostate)(carcinoma),azd5365,"treatment resistance,phosphorilation, proliferative tumor cells",,mouse,,medium,direct,"[188,192]",pi3k (p)(fam),pik3(fam),stat3,stat3,human,jak/sta3(path),pi3k/akt(path),connected,protein,cancer(prostate cancer)(na),,inhibition of pi3k/akt pathway activates jak/sta,,,,low,indirect,"[188,192]",pi3k/akt(path),pi3k/akt(path),jak/sta3(path),jak/stat3(path),ai,86,78
pmc4941290,9.0,mapk(fam),akt(p)(fam),inhibitor,,cancer(prostate)(carcinoma),azd5366,"treatment resistance,phosphorilation, proliferative tumor cells",,mouse,,medium,direct,"[188,192]",akt(p)(fam),akt(fam),mapk(fam),mapk(fam),human,mapk,pi3k/akt(path),connected,protein,cancer(prostate cancer)(na),,inhibition of pi3k/akt pathway activates mapk,,,,low,indirect,"[188,192]",pi3k/akt(path),pi3k/akt(path),mapk,mapk(fam),ai,87,77
pmc4941290,9.0,jak (fam),akt(p)(fam),inhibitor,,cancer(prostate)(carcinoma),azd5367,"treatment resistance,phosphorilation, proliferative tumor cells",,mouse,,medium,direct,"[188,192]",akt(p)(fam),akt(fam),jak (fam),jak(fam),human,jak/sta3(path),pi3k/akt(path),connected,protein,cancer(prostate cancer)(na),,inhibition of pi3k/akt pathway activates jak/sta,,,,low,indirect,"[188,192]",pi3k/akt(path),pi3k/akt(path),jak/sta3(path),jak/stat3(path),ai,88,78
pmc4941290,9.0,stat3,akt(p)(fam),inhibitor,,cancer(prostate)(carcinoma),azd5368,"treatment resistance,phosphorilation, proliferative tumor cells",,mouse,,medium,direct,"[188,192]",akt(p)(fam),akt(fam),stat3,stat3,human,jak/sta3(path),pi3k/akt(path),connected,protein,cancer(prostate cancer)(na),,inhibition of pi3k/akt pathway activates jak/sta,,,,low,indirect,"[188,192]",pi3k/akt(path),pi3k/akt(path),jak/sta3(path),jak/stat3(path),ai,89,78
pmc4941290,12.0,akt (fam),pi3k (fam),connected,,cancer(prostate)(carcinoma),,pten-deficient prostate cancer,,,,high,direct,[211],pi3k (fam),pik3(fam),akt (fam),akt(fam),human,akt,pi3k (path),connected,protein,(cancer)(pten-deficient prostate cancer)(na),akt inhibiton,preclinical evidence,,mouse,,high,direct,"[210,211]",pi3k (path),pik3c(fam),akt,akt(fam),ai,91,91
pmc6642263,1.0,p53,zeb1(g),inhibitor,,cancer(breast cancer)(carcinoma),,"zeb1-ko,p5-ko",,"human, mouse",breast(stromal fibroblasts),high,"direct,indirect","[8,9,10,11]",zeb1(g),zeb1,p53,tp53,human,p53(p),zeb1,inhibitor,"epigenetic, transcription, protein(l)",cancer(breast cancer)(sarcoma),chemical,"tumor growth, tumor progression",,,stromal,high,direct,"[9,10]",zeb1,zeb1,p53(p),tp53,ai,93,93
pmc6642263,1.0,fgf2,p53,activator,transcription,cancer(breast cancer)(carcinoma),,"zeb1-ko,p5-ko",,"human, mouse",breast(stromal fibroblasts),high,"direct,indirect","[8,9]",p53,tp53,fgf2,fgf2,human,fgf2(p),p53(p),activator,other,cancer(breast cancer)(sarcoma),,"tumor growth inhibition, tumor progression inhibition",,,stromal,high,direct,"[9,10]",p53(p),tp53,fgf2(p),fgf2,ai,94,94
pmc6642263,1.0,fgf7,p53,activator,transcription,cancer(breast cancer)(carcinoma),,"zeb1-ko,p5-ko",,"human, mouse",breast(stromal fibroblasts),high,"direct,indirect","[8,9]",p53,tp53,fgf7,fgf7,human,fgf7(p),p53(p),activator,other,cancer(breast cancer)(sarcoma),,"tumor growth inhibition, tumor progression inhibition",,,stromal,high,direct,"[9,10]",p53(p),tp53,fgf7(p),fgf7,ai,95,95
pmc6642263,1.0,vegf,p53,activator,transcription,cancer(breast cancer)(carcinoma),,"zeb1-ko,p5-ko",,"human, mouse",breast(stromal fibroblasts),high,"direct,indirect","[8,9]",p53,tp53,vegf,vegfa,human,vegf(p),p53(p),activator,other,cancer(breast cancer)(sarcoma),,"tumor growth inhibition, tumor progression inhibition",,,stromal,high,direct,"[9,10]",p53(p),tp53,vegf(p),vegfa,ai,96,96
pmc6642263,1.0,il6,p53,activator,transcription,cancer(breast cancer)(carcinoma),,"zeb1-ko,p5-ko",,"human, mouse",breast(stromal fibroblasts),high,"direct,indirect","[8,9]",p53,tp53,il6,il6,human,il6(p),p53(p),activator,other,cancer(breast cancer)(sarcoma),,"tumor growth inhibition, tumor progression inhibition",,,stromal,high,direct,"[9,10]",p53(p),tp53,il6(p),il6,ai,97,97
pmc6642263,9.0,p53(p),zeb1(g),inhibitor,protein,cancer(breast cancer)(carcinoma),,"pymt-fib-cko, zeb1-shrna, stroma, cafs, patient sample,pymt;zeb1fl/fl",,"mouse, human",,high,direct,"[175,176,177,178,179,182]",zeb1(g),zeb1,p53(p),tp53,human,p53(p),zeb1,inhibitor,protein,cancer(mammary cancer)(sarcoma),,regulation of p53 acetylation,pymt;zeb1fl/fl mammary tumors,mouse,stroma,high,direct,"[175,177,182,183,184,185,186,188,191]",zeb1,zeb1,p53(p),tp53,ai,112,112
pmc6642263,9.0,zeb2(g),zeb1(g),activator,transcription,cancer(breast cancer)(carcinoma),,"pymt-fib-cko, zeb1-shrna, stroma, cafs",,mouse,,high,drect,"[176,177,180]",zeb1(g),zeb1,zeb2(g),zeb2,human,zeb2,zeb1(g)(mut),inhibitor,,cancer(mammary cancer)(na),,knock-out,"cafs,pymt-fib-wt, pymt-fib-cko",mouse,,high,direct,"[179,180,192]",zeb1(g)(mut),zeb1,zeb2,zeb2,ai,115,116
pmc6642263,9.0,sanil1(g),zeb1(g),activator,transcription,cancer(breast cancer)(carcinoma),,"pymt-fib-cko, zeb1-shrna, stroma, cafs",,mouse,,high,direct,"[176,177,180]",zeb1(g),zeb1,sanil1(g),snal1,human,snail1,zeb1(g)(mut),inhibitor,,cancer(mammary cancer)(na),,knock-out,"cafs,pymt-fib-wt, pymt-fib-cko",mouse,,high,direct,"[179,180,192]",zeb1(g)(mut),zeb1,snail1,snai1,ai,116,117
pmc6642263,9.0,p300(p),zeb1(g),inhibitor,protein,cancer(breast cancer)(carcinoma),,"pymt-fib-cko, zeb1-shrna, stroma, cafs",,mouse,,high,direct,"[176,177,189]",zeb1(g),zeb1,p300(p),ep300,human,p300(p),zeb1(g)(mut),connected,protein,cancer(mammary cancer)(na),,"knock-out, upregulation of autocatalytic acetylation",cafs,"mouse, human",breast,high,direct,[189],zeb1(g)(mut),zeb1,p300(p),ep300,ai,117,119
pmc6642263,9.0,cbp(p),zeb1(g),inhibitor,protein,cancer(breast cancer)(carcinoma),,"pymt-fib-cko, zeb1-shrna, stroma, cafs",,mouse,,high,direct,"[176,177,189]",zeb1(g),zeb1,cbp(p),crebbp,human,cbp(p),zeb1(g)(mut),connected,protein,cancer(mammary cancer)(na),,"knock-out, upregulation of autocatalytic acetylation",cafs,"mouse, human",breast,high,direct,[189],zeb1(g)(mut),zeb1,cbp(p),crebbp,ai,118,120
pmc6642263,10.0,p53(p),zeb1(p),target,protein,cancer(breast cancer)(carcinoma),,,,"mouse,human",,high,direct,[208],zeb1(p),zeb1,p53(p),tp53,human,p53(p),zeb1,target,protein,cancer(mammary cancer)(na),,"regulation of acetylation, n-terminal zinc-finger binding domain","caf, 293t cells","human, mouse",breast,high,direct,"[208,209,210,217,222,223,226,229,237]",zeb1,zeb1,p53(p),tp53,ai,122,122
pmc6642263,10.0,p53(p),hdac1(p),target,protein,cancer(breast cancer)(carcinoma),,"zeb1 presence, deacetylation",293t,"human,mouse",,high,"citation,direct","[213,217,218,219,220,223]",hdac1(p),hdac1,p53(p),tp53,human,p53(p),hdac1(p),target,protein,,,"catalysation of p53 deacetylation, promoting degradation, trimer with zeb1 as bridging molecule",,,,high,"citation,direct","[213,220,222,235,237]",hdac1(p),hdac1,p53(p),tp53,ai,123,123
pmc6642263,10.0,p53(p),hdac2(p),target,protein,cancer(breast cancer)(carcinoma),,"zeb1 presence, deacetylation",293t,"human, mouse",,high,"citation,direct","[213,217,218,219,220,223]",hdac2(p),hdac2,p53(p),tp53,human,p53(p),hdac2(p),target,protein,,,"catalysation of p53 deacetylation, promoting degradation, trimer with zeb1 as bridging molecule",,,,high,"citation,direct","[213,220,222,235,237]",hdac2(p),hdac2,p53(p),tp53,ai,124,124
pmc6642263,10.0,hdac1(p),zeb1(p),target,protein,cancer(breast cancer)(carcinoma),,,293t,"human, mouse",,high,direct,"[217,219,220,223]",zeb1(p),zeb1,hdac1(p),hdac1,human,hdac1(p),zeb1(p),target,protein,,,"n-terminal zinc-finger binding domain, forms trimer with p53",293t,,,high,direct,"[215,217,220,222,226,237]",zeb1(p),zeb1,hdac1(p),hdac1,ai,125,125
pmc6642263,10.0,hdac2(p),zeb1(p),target,protein,cancer(breast cancer)(carcinoma),,,293t,"human, mouse",,high,direct,"[217,219,220,223]",zeb1(p),zeb1,hdac2(p),hdac2,human,hdac2(p),zeb1(p),target,protein,,,"n-terminal zinc-finger binding domain, forms trimer with p53",293t,,,high,direct,"[215,217,220,222,226,237]",zeb1(p),zeb1,hdac2(p),hdac2,ai,126,126
pmc6642263,11.0,fgf2(g),zeb1(g),activator,transcription,cancer(breast cancer)(carcinoma),,stroma,,human,,high,"direct,indirect","[243,245,247,250]",zeb1(g),zeb1,fgf2(g),fgf2,human,fgf2,zeb1(g)(mut),inhibitor,transcription,cancer(na)(na),,"autocrine and paracrine signalling, stromal-epithelial interactions",,,"stroma, epithel",high,direct,"[242,243]",zeb1(g)(mut),zeb1,fgf2,fgf2,ai,128,128
pmc6642263,11.0,fgf7(g),zeb1(g),activator,transcription,cancer(breast cancer)(carcinoma),,stroma,,human,,high,"direct,indirect","[243,245,247,250]",zeb1(g),zeb1,fgf7(g),fgf7,human,fgf7,zeb1(g)(mut),inhibitor,transcription,cancer(na)(na),,"autocrine and paracrine signalling, stromal-epithelial interactions",,,"stroma, epithel",high,direct,"[242,243]",zeb1(g)(mut),zeb1,fgf7,fgf7,ai,129,129
pmc6642263,11.0,vegfa(g),zeb1(g),activator,transcription,cancer(breast cancer)(carcinoma),,stroma,,human,,high,"direct,indirect","[243,245,247,250]",zeb1(g),zeb1,vegfa(g),vegfa,human,vegfa,zeb1(g)(mut),inhibitor,transcription,cancer(na)(na),,"autocrine and paracrine signalling, stromal-epithelial interactions",,,"stroma, epithel",high,direct,"[242,243]",zeb1(g)(mut),zeb1,vegfa,vegfa,ai,130,130
pmc6642263,11.0,il6(g),zeb1(g),activator,transcription,cancer(breast cancer)(carcinoma),,stroma,,human,,high,"direct,indirect","[243,245,247,250]",zeb1(g),zeb1,il6(g),il6,human,il6,zeb1(g)(mut),inhibitor,transcription,cancer(na)(na),,"autocrine and paracrine signalling, stromal-epithelial interactions",,,"stroma, epithel",high,direct,"[242,243]",zeb1(g)(mut),zeb1,il6,il6,ai,131,131
pmc6642263,11.0,fgf2(g),p53(p),inhibitor,transcription,cancer(breast cancer)(carcinoma),,stroma,,human,breast,high,"citation, indirect","[244,247]",p53(p),tp53,fgf2(g),fgf2,human,fgf2,p53(p),inhibitor,"transcription,protein",cancer(na)(na),,"direct binding to proximal region, increased by zeb1 deletion",cafs,,,high,"citation, direct","[244,245,246,250]",p53(p),tp53,fgf2,fgf2,ai,132,132
pmc6642263,11.0,vegfa(g),p53(p),inhibitor,transcription,cancer(breast cancer)(carcinoma),,stroma,,human,breast,high,"citation, indirect","[244,247]",p53(p),tp53,vegfa(g),vegfa,human,vegfa,p53(p),inhibitor,"transcription,protein",cancer(na)(na),,"direct binding to proximal region, increased by zeb1 deletion",cafs,,,high,"citation, direct","[244,245,246,250]",p53(p),tp53,vegfa,vegfa,ai,133,133
pmc6642263,11.0,il6(g),p53(p),inhibitor,transcription,cancer(breast cancer)(carcinoma),,stroma,,human,breast,high,"citation, indirect","[244,247]",p53(p),tp53,il6(g),il6,human,il6,p53(p),inhibitor,"transcription,protein",cancer(na)(na),,"direct binding to proximal region, increased by zeb1 deletion",cafs,,,high,"citation, direct","[244,245,246,250]",p53(p),tp53,il6,il6,ai,134,134
pmc6642263,13.0,p53(g),zeb1(g),inhibitor,,cancer(breast cancer)(carcinoma),,"stroma, fibroblast,pymt-fib-zeb1-cko,pymt-fib-wt,pymt-fib-zeb1/p53-dcko",pymt-cancer cells,mouse,breast(stromal fibroblast),high,direct,"[275,276,279,281]",zeb1(g),zeb1,p53(g),tp53,human,p53,zeb1,target,,cancer(mammary cancer)(na),,paracrine control of tumor growth,cafs,mouse,stroma,high,direct,"[281,296]",zeb1,zeb1,p53,tp53,ai,139,140
pmc6642263,13.0,p53(g),zeb1(g),inhibitor,,cancer(breast cancer)(carcinoma),,"stroma, fibroblast,pymt-fib-zeb1-cko,pymt-fib-wt,pymt-fib-zeb1/p53-dcko",pymt-cancer cells,mouse,breast(stromal fibroblast),high,direct,"[275,276,279,281]",zeb1(g),zeb1,p53(g),tp53,human,p53(p),zeb1(p),target,protein,cancer(mammary cancer)(na),,allows hdac1/2 to catalyse p53 deacetylation leading to functional inactivation,cafs,,,high,direct,[298],zeb1(p),zeb1,p53(p),tp53,ai,139,152
pmc6642263,13.0,p53(g),zeb1(g),inhibitor,,cancer(breast cancer)(carcinoma),,"stroma, fibroblast,pymt-fib-zeb1-cko,pymt-fib-wt,pymt-fib-zeb1/p53-dcko",pymt-cancer cells,mouse,breast(stromal fibroblast),high,direct,"[275,276,279,281]",zeb1(g),zeb1,p53(g),tp53,human,p53,zeb1(g)(mut),activator,,cancer(mammary cancer)(na),,knock-out stabilises p53 protein,cafs,mouse,stroma,high,direct,[302],zeb1(g)(mut),zeb1,p53,tp53,ai,139,154
pmc6642263,13.0,p53(g),zeb1(g),connected,,cancer(pancreatic cancer),,metastases,,,pancreas (epithel),medium,citation,"[286,287]",zeb1(g),zeb1,p53(g),tp53,human,p53,zeb1,target,,cancer(mammary cancer)(na),,paracrine control of tumor growth,cafs,mouse,stroma,high,direct,"[281,296]",zeb1,zeb1,p53,tp53,ai,141,140
pmc6642263,13.0,p53(g),zeb1(g),connected,,cancer(pancreatic cancer),,metastases,,,pancreas (epithel),medium,citation,"[286,287]",zeb1(g),zeb1,p53(g),tp53,human,p53(p),zeb1(p),target,protein,cancer(mammary cancer)(na),,allows hdac1/2 to catalyse p53 deacetylation leading to functional inactivation,cafs,,,high,direct,[298],zeb1(p),zeb1,p53(p),tp53,ai,141,152
pmc6642263,13.0,p53(g),zeb1(g),connected,,cancer(pancreatic cancer),,metastases,,,pancreas (epithel),medium,citation,"[286,287]",zeb1(g),zeb1,p53(g),tp53,human,p53,zeb1(g)(mut),activator,,cancer(mammary cancer)(na),,knock-out stabilises p53 protein,cafs,mouse,stroma,high,direct,[302],zeb1(g)(mut),zeb1,p53,tp53,ai,141,154
pmc6642263,13.0,fgf2(p),zeb1(g),activator,transcription,cancer(breast cancer)(carcinoma),,"tumour growth, metastases",,,breast(stromal fibroblast),high,"direct, citation","[293,294]",zeb1(g),zeb1,fgf2(p),fgf2,human,fgf2,zeb1(g)(mut),inhibitor,,cancer(mammary cancer)(na),,"reduced expression and secretion, inhibits tumor progression",cafs,mouse,stroma,high,direct,"[293.294,295,302]",zeb1(g)(mut),zeb1,fgf2,fgf2,ai,142,141
pmc6642263,13.0,fgf7(p),zeb1(g),activator,transcription,cancer(breast cancer)(carcinoma),,"tumour growth, metastases",,,breast(stromal fibroblast),high,"direct, citation","[293,294]",zeb1(g),zeb1,fgf7(p),fgf7,human,fgf7,zeb1(g)(mut),inhibitor,,cancer(mammary cancer)(na),,"reduced expression and secretion, inhibits tumor progression",cafs,mouse,stroma,high,direct,"[293.294,295]",zeb1(g)(mut),zeb1,fgf7,fgf7,ai,143,142
pmc6642263,13.0,vegfa (p),zeb1(g),activator,transcription,cancer(breast cancer)(carcinoma),,"tumour growth, metastases",,,breast(stromal fibroblast),high,"direct, citation","[293,294]",zeb1(g),zeb1,vegfa (p),vegfa,human,vegfa,zeb1(g)(mut),inhibitor,,cancer(mammary cancer)(na),,"reduced expression and secretion, inhibits tumor progression",cafs,mouse,stroma,high,direct,"[293.294,295]",zeb1(g)(mut),zeb1,vegfa,vegfa,ai,144,143
pmc6642263,13.0,il6(p),zeb1(g),activator,transcription,cancer(breast cancer)(carcinoma),,"tumour growth, metastases",,,breast(stromal fibroblast),high,"direct, citation","[293,294]",zeb1(g),zeb1,il6(p),il6,human,il6,zeb1(g)(mut),inhibitor,,cancer(mammary cancer)(na),,"reduced expression and secretion, inhibits tumor progression",cafs,mouse,stroma,high,direct,"[293.294,295]",zeb1(g)(mut),zeb1,il6,il6,ai,145,144
pmc6642263,13.0,fgf2(p),p53(g),target,transcription,cancer(breast cancer)(carcinoma),,"tumour growth, metastases",,,breast(stromal fibroblast),high,"direct, citation","[293,294,296]",p53(g),tp53,fgf2(p),fgf2,human,fgf2,p5340-42,target,protein,cancer(mammary cancer)(na),,,cafs,mouse,stroma,high,direct,[296],p5340-42,tp53,fgf2,fgf2,ai,146,145
pmc6642263,13.0,fgf2(p),p53(g),target,transcription,cancer(breast cancer)(carcinoma),,"tumour growth, metastases",,,breast(stromal fibroblast),high,"direct, citation","[293,294,296]",p53(g),tp53,fgf2(p),fgf2,human,p53,fgf2,inhibitor,,cancer(mammary cancer)(na),,increased growth of pymt cancer cells,,mouse,,high,direct,"[301,303,305]",fgf2,fgf2,p53,tp53,ai,146,153
pmc6642263,13.0,fgf7(p),p53(g),target,transcription,cancer(breast cancer)(carcinoma),,"tumour growth, metastases",,,breast(stromal fibroblast),high,"direct, citation","[293,294,296]",p53(g),tp53,fgf7(p),fgf7,human,fgf7,p5340-43,target,protein,cancer(mammary cancer)(na),,,cafs,mouse,stroma,high,direct,[296],p5340-43,tp53,fgf7,fgf7,ai,147,146
pmc6642263,13.0,vegfa (p),p53(g),target,transcription,cancer(breast cancer)(carcinoma),,"tumour growth, metastases",,,breast(stromal fibroblast),high,"direct, citation","[293,294,296]",p53(g),tp53,vegfa (p),vegfa,human,vegfa,p5340-44,target,protein,cancer(mammary cancer)(na),,,cafs,mouse,stroma,high,direct,[296],p5340-44,tp53,vegfa,vegfa,ai,148,147
pmc6642263,13.0,il6(p),p53(g),target,transcription,cancer(breast cancer)(carcinoma),,"tumour growth, metastases",,,breast(stromal fibroblast),high,"direct, citation","[293,294,296]",p53(g),tp53,il6(p),il6,human,il6,p5340-45,target,protein,cancer(mammary cancer)(na),,,cafs,mouse,stroma,high,direct,[296],p5340-45,tp53,il6,il6,ai,149,148
pmc6642263,13.0,snail1(p),p53(g),connected,,healthy,,,,,,medium,citation,[297],p53(g),tp53,snail1(p),snai1,human,p53,snail1,connected,,,,evidence in vivo and in vitro,,,,high,citation,[297],snail1,snai1,p53,tp53,ai,150,149
pmc6642263,13.0,slug (p),p53(g),connected,,healthy,,,,,,medium,citation,[297],p53(g),tp53,slug (p),snai2,human,p53,slug,connected,,,,evidence in vivo and in vitro,,,,high,citation,[297],slug,snai2,p53,tp53,ai,151,150
pmc6642263,13.0,twist(p),p53(g),connected,,healthy,,,,,,medium,citation,[297],p53(g),tp53,twist(p),twist1,human,p53,twist,connected,,,,evidence in vivo and in vitro,,,,high,citation,[297],twist,twist1,p53,tp53,ai,152,151
pmc6642263,13.0,p53,fgf2,inhibitor,,cancer(breast cancer)(carcinoma),,tumour growth,,,,high,citation,[301],fgf2,fgf2,p53,tp53,human,fgf2,p5340-42,target,protein,cancer(mammary cancer)(na),,,cafs,mouse,stroma,high,direct,[296],p5340-42,tp53,fgf2,fgf2,ai,157,145
pmc7221297,1.0,mtor(p),lat1(p),activator,other,cancer,,"cell proliferation, transporter",,,,high,citation,[3],lat1(p),slc7a5,mtor(p),mtor,human,,,,,,,,,,,,,,,,,,,159,158
pmc7221297,1.0,s6(p),lat1(p),activator,other,cancer,,"cell proliferation, transporter",,,,high,citation,[3],lat1(p),slc7a5,s6(p),rps6,human,,,,,,,,,,,,,,,,,,,160,158
pmc7221297,10.0,gls(g),asct2(g),connected,,cancer(oral squamous cells)(carcinoma),,"proliferation,glutamin transport, glutamin addiction",,human,,medium,indirect,"[160,163,165,166]",asct2(g),slc1a5,gls(g),gls,human,gls,asct2,connected,,cancer(oral squamous cells carcinoma)(carcinoma),,positive corellation,,,,high,direct,[166],asct2,slc1a5,gls,gls,ai,170,171
pmc7221297,10.0,ki67(g),asct2(g),connected,,cancer(oral squamous cells)(carcinoma),,"marker, proliferation,glutamin transport, glutamin addiction",,human,,medium,indirect,"[160,163,167]",asct2(g),slc1a5,ki67(g),mki67,human,ki-67,asct2,connected,,cancer(oral squamous cells carcinoma)(carcinoma),,"ki-67 expression is potential biomarker, expression levels related",,,,high,"direct, citation",[167],asct2,slc1a5,ki-67,mki67,ai,171,172
pmc7247691,3.0,mcl1(p),mir-29b,inhibitor,,cancer,,apoptosis,,,,high,citation,[52],mir-29b,mir-29b,mcl1(p),mcl1,human,mcl-1,mir-29-b,target,"protein, epigeneic",cancer(multiple myeloma)(myeloma),bortezomib,apoptosis,,,,high,citation,"[52,53]",mir-29-b,mir29b1,mcl-1,mcl1,ai,188,190
pmc7247691,3.0,cdk6(p),mir-29b,inhibitor,,cancer,,apoptosis,,,,high,citation,[52],mir-29b,mir-29b,cdk6(p),cdk6,human,cdk6,mir-29-b,target,"protein, epigeneic",cancer(multiple myeloma)(myeloma),bortezomib,apoptosis,,,,high,citation,"[52,53]",mir-29-b,mir29b1,cdk6,cdk6,ai,189,191
pmc7247691,3.0,hdac,mir-29b,target,,cancer,,apoptosis,,,,high,citation,[51],mir-29b,mir-29b,hdac,hdac(fam),human,histone deacetylases(p),mir-29b,target,protein,cancer(multiple myeloma)(myeloma),,tumor suppression,,,,high,citation,"[50,51]",mir-29b,mir29b1,histone deacetylases(p),hdac(fam),ai,190,188
pmc7247691,3.0,dnmt3b,mir-29b,target,,cancer,,apoptosis,,,,high,citation,[51],mir-29b,mir-29b,dnmt3b,dnmt3b,human,dnmt3b(p),mir-29b,target,protein,cancer(multiple myeloma)(myeloma),,tumor suppression,,,,high,citation,"[50,51]",mir-29b,mir29b1,dnmt3b(p),dnmt3b,ai,191,189
pmc7247691,4.0,fbxw7,mir-27b-3p,activator,,cancer(multiple myeloma)(myeloma),,"overexpression, growth, migration, apoptosis resistance",,,,high,citation,[63],mir-27b-3p,mir-27b-3p,fbxw7,fbxw7,human,fbxw7(path),mir-27b-3p,activator,,cancer(multiple myeloma)(myeloma),,"proliferation, apoptosis resistance",bm fibroblasts of mm,,,high,citation,"[62,63]",mir-27b-3p,mir27b,fbxw7(path),fbxw7(path),ai,198,198
pmc7247691,4.0,pten,mir-214-3p,activator,,cancer(multiple myeloma)(myeloma),,"overexpression, growth, migration, apoptosis resistance",,,,high,citation,[63],mir-214-3p,mir-214-3p,pten,pten,human,pten/akt/gsk3 (path),mir-214-3p,activator,,cancer(multiple myeloma)(myeloma),,"proliferation, apoptosis resistance",bm fibroblasts of mm,,,high,citation,"[62,63]",mir-214-3p,mir214,pten/akt/gsk3 (path),pten/akt/gsk3(path),ai,203,199
pmc7247691,4.0,akt,mir-214-3p,activator,,cancer(multiple myeloma)(myeloma),,"overexpression, growth, migration, apoptosis resistance",,,,high,citation,[63],mir-214-3p,mir-214-3p,akt,akt(fam),human,pten/akt/gsk3 (path),mir-214-3p,activator,,cancer(multiple myeloma)(myeloma),,"proliferation, apoptosis resistance",bm fibroblasts of mm,,,high,citation,"[62,63]",mir-214-3p,mir214,pten/akt/gsk3 (path),pten/akt/gsk3(path),ai,204,199
pmc7247691,4.0,gsk3,mir-214-3p,activator,,cancer(multiple myeloma)(myeloma),,"overexpression, growth, migration, apoptosis resistance",,,,high,citation,[63],mir-214-3p,mir-214-3p,gsk3,gsk3(fam),human,pten/akt/gsk3 (path),mir-214-3p,activator,,cancer(multiple myeloma)(myeloma),,"proliferation, apoptosis resistance",bm fibroblasts of mm,,,high,citation,"[62,63]",mir-214-3p,mir214,pten/akt/gsk3 (path),pten/akt/gsk3(path),ai,205,199
pmc7247691,4.0,rank,mir-29b,inhibitor,,cancer(multiple myeloma)(myeloma),,"supression, progression, immune supression, antinflamatory",,,,high,citation,"[64,65,66,68]",mir-29b,mir-29b,rank,tnfrsf11a,human,rank,mir-29b,inhibitor,,cancer(multiple myeloma)(myeloma),,restrains mm bone resorption,osteoclast cells,,bone,high,citation,[65],mir-29b,mir29b1,rank,tnfrsf11a,ai,206,200
pmc7247691,4.0,nfkb,mir-29b,inhibitor,,cancer(multiple myeloma)(myeloma),,"supression, progression, immune supression, antinflamatory",,,,high,citation,"[64,65,66,68]",mir-29b,mir-29b,nfkb,nfkb(fam),human,nfkb,mir-29b,inhibitor,,"cancer(multiple myeloma)(myeloma),mm-related bone disease",,"increased mir-29b expression, pro-inflammatory cytokine release, reduced activation of pro-survival pathways",mm cells,,,high,citation,"[68,69]",mir-29b,mir29b1,nfkb,nfkb(fam),ai,207,201
pmc7247691,4.0,stat3,mir-29b,inhibitor,,cancer(multiple myeloma)(myeloma),,"supression, progression, immune supression, antinflamatory",,,,high,citation,"[64,65,66,68]",mir-29b,mir-29b,stat3,stat3,human,stat3,mir-29b,inhibitor,,"cancer(multiple myeloma)(myeloma),mm-related bone disease",,"increased mir-29b expression, pro-inflammatory cytokine release, reduced activation of pro-survival pathways",mm cells,,,high,citation,"[68,69]",mir-29b,mir29b1,stat3,stat3,ai,208,202
pmc7247691,4.0,mapk,mir-29b,inhibitor,,cancer(multiple myeloma)(myeloma),,"supression, progression, immune supression, antinflamatory",,,,high,citation,"[64,65,66,68]",mir-29b,mir-29b,mapk,mapk(fam),human,mitogen-activated protein kinase,mir-29b,inhibitor,,"cancer(multiple myeloma)(myeloma),mm-related bone disease",,"increased mir-29b expression, pro-inflammatory cytokine release, reduced activation of pro-survival pathways",mm cells,,,high,citation,"[68,69]",mir-29b,mir29b1,mitogen-activated protein kinase,mapk(fam),ai,209,203
pmc7247691,4.0,jun,mir-29b,inhibitor,,cancer(multiple myeloma)(myeloma),,"supression, progression, immune supression, antinflamatory",,,,high,citation,"[64,65,66,68]",mir-29b,mir-29b,jun,jun,human,jun,mir-29b,inhibitor,,"cancer(multiple myeloma)(myeloma),mm-related bone disease",,"increased mir-29b expression, pro-inflammatory cytokine release, reduced activation of pro-survival pathways",mm cells,,,high,citation,"[68,69]",mir-29b,mir29b1,jun,jun,ai,210,204
pmc7247691,6.0,hippo(path),wwc2(p),activator,,cancer(multiple myeloma)(myeloma),,mir synthesis,,,,high,citation,[80],wwc2(p),wwc2,hippo(path),hippo(path),human,hippo(path),wwc-2(p),activator,protein,cancer(multiple myeloma)(myeloma),,"mm cells derived exosomes, inducing synthesis of mirs in recipient fbs","mm cells, fbs",,,high,citation,[80],wwc-2(p),wwc2,hippo(path),hippo(path),ai,212,212
pmc7247691,7.0,mir-34a,tgif2,target,,cancer(multiple myeloma)(myeloma),,"bone resorption, osteoporosis, bone metastases",,,,high,citation,"[107,108,109]",tgif2,tgif2,mir-34a,mir34a,human,tgif2,mir-34a,target,,"cancer(bone metastasis)(na), osteoporosis",,,,,,high,citation,[108],mir-34a,mir34a,tgif2,tgif2,ai,214,214
pmc7247691,9.0,lin28b(p),let-7(fam),inhibitor,protein,cancer(multiple myeloma)(myeloma),,tumor-supressor,,,,high,citation,"[144,143]",let-7(fam),let-7(fam),lin28b(p),lin28b,human,lin28b,let-7b,target,protein,cancer(multiple myeloma)(myeloma),,"induction of cell proliferation, knock-down of ccnd1 and myc and ras",,,,high,citation,[144],let-7b,let7b,lin28b,lin28b,ai,222,222
pmc7247691,9.0,hif-1α,mir-18a,inhibitor,,cancer(multiple myeloma)(myeloma),,"inhibition proliferation,inhibition dissemination",,,,high,citation,"[143,145]",mir-18a,mir-18a,hif-1α,hif1a,human,hif-1α,mir18a,inhibitor,,cancer(na)(na),,repression of tumor dissemination,,,,high,citation,[145],mir18a,mir18a,hif-1α,hif1a,ai,226,223
pmc7247691,9.0,egfr,mir-146b,inhibitor,,cancer(na)(glioma),,,9l glioma cells,,,high,citation,[149],mir-146b,mir-146b,egfr,egfr,human,egfr,mir-146b,inhibitor,,cancer(glioma)(sarcoma),,"in vitro, smad-4 inhibition",9l glioma cells,,,high,citation,"[148,149]",mir-146b,mir146b,egfr,egfr,ai,228,225
pmc7247691,11.0,p53,mir-34,inhibitor,,cancer(none small lung cancer)(carcinoma),,"mrx34,radiotherapy",patients,human,lung,high,citation,[167],mir-34,mir-34(fam),p53,tp53,human,p53,mir-34,target,,cancer(na)(na),,modulation of p53 leading to pdl1 downregulation,,,,high,citation,[166],mir-34,mir34(fam),p53,tp53,ai,232,232
pmc7247691,11.0,pdl1,mir-34,activator,,cancer(none small lung cancer)(carcinoma),,"mrx34,radiotherapy",patients,human,lung,high,citation,[167],mir-34,mir-34(fam),pdl1,cd274,human,pdl1,mir-34,inhibitor,,cancer(na)(na),,downregulation through regulation of p35,,,,high,citation,[166],mir-34,mir34(fam),pdl1,cd274,ai,233,233
pmc7247691,15.0,pten,mir-21,target,,cancer(multiple myeloma)(myeloma),,"proliferation, survival, overexpression",,,,high,citation,[209],mir-21,mir-21,pten,pten,human,pten,mir-21,target,,cancer(multiple myeloma)(myeloma),,overexpressed,,,,high,citation,[209],mir-21,mir21,pten,pten,ai,239,239
pmc7247691,15.0,rho-b,mir-21,target,,cancer(multiple myeloma)(myeloma),,"proliferation, survival, overexpression",,,,high,citation,[209],mir-21,mir-21,rho-b,rhob,human,rho-b,mir-21,target,,cancer(multiple myeloma)(myeloma),,overexpressed,,,,high,citation,[209],mir-21,mir21,rho-b,rhob,ai,240,240
pmc7247691,15.0,btg2,mir-21,target,,cancer(multiple myeloma)(myeloma),,"proliferation, survival, overexpression",,,,high,citation,[209],mir-21,mir-21,btg2,btg2,human,btg2,mir-21,target,,cancer(multiple myeloma)(myeloma),,overexpressed,,,,high,citation,[209],mir-21,mir21,btg2,btg2,ai,241,241
pmc7247691,15.0,akt,mir-21,target,,cancer(multiple myeloma)(myeloma),,"proliferation, survival, overexpression",,,,high,citation,[209],mir-21,mir-21,akt,akt(fam),human,akt,mir-21,target,,cancer(multiple myeloma)(myeloma),,overexpressed,,,,high,citation,[209],mir-21,mir21,akt,akt(fam),ai,242,242
pmc7247691,15.0,pcaf,mir-106b-25(clu),target,,cancer(multiple myeloma)(myeloma),,"cell viability, colony formation,overexpressed",,,,high,citation,[209],mir-106b-25(clu),mir-106b-25(clu),pcaf,kat2b,human,pcaf,mir-106b-25 cluster,target,,cancer(multiple myeloma)(myeloma),,overexpressed,,,,high,citation,[209],mir-106b-25 cluster,mir106b/mir93/mir25(fam),pcaf,kat2b,ai,243,243
pmc7247691,15.0,p38,mir-106b-25(clu),target,,cancer(multiple myeloma)(myeloma),,"cell viability, colony formation,overexpressed",,,,high,citation,[209],mir-106b-25(clu),mir-106b-25(clu),p38,mapk14,human,p38,mir-106b-25 cluster,target,,cancer(multiple myeloma)(myeloma),,overexpressed,,,,high,citation,[209],mir-106b-25 cluster,mir106b/mir93/mir25(fam),p38,mapk14,ai,244,244
pmc7247691,15.0,mapk,mir-106b-25(clu),target,,cancer(multiple myeloma)(myeloma),,"cell viability, colony formation,overexpressed",,,,high,citation,[209],mir-106b-25(clu),mir-106b-25(clu),mapk,mapk(fam),human,mapk,mir-106b-25 cluster,target,,cancer(multiple myeloma)(myeloma),,overexpressed,,,,high,citation,[209],mir-106b-25 cluster,mir106b/mir93/mir25(fam),mapk,mapk(fam),ai,245,245
pmc7247691,15.0,bcl-2,mir-181a/b,target,,cancer(multiple myeloma)(myeloma),,"cell proliferation, apoptosis,overexpressed",,,,high,citation,[209],mir-181a/b,mir-181a/b,bcl-2,bcl2,human,bcl-2,mir-181a/b,target,,cancer(multiple myeloma)(myeloma),,overexpressed,,,,high,citation,[209],mir-181a/b,mir181(fam),bcl-2,bcl2,ai,246,246
pmc7247691,15.0,nova1,mir-181a/b,target,,cancer(multiple myeloma)(myeloma),,"cell proliferation, apoptosis,overexpressed",,,,high,citation,[209],mir-181a/b,mir-181a/b,nova1,nov1,human,nova1,mir-181a/b,target,,cancer(multiple myeloma)(myeloma),,overexpressed,,,,high,citation,[209],mir-181a/b,mir181(fam),nova1,nova1,ai,247,247
pmc7247691,15.0,pcaf,mir-181a/b,target,,cancer(multiple myeloma)(myeloma),,"cell proliferation, apoptosis,overexpressed",,,,high,citation,[209],mir-181a/b,mir-181a/b,pcaf,kat2b,human,pcaf,mir-181a/b,target,,cancer(multiple myeloma)(myeloma),,overexpressed,,,,high,citation,[209],mir-181a/b,mir181(fam),pcaf,kat2b,ai,248,248
pmc7247691,15.0,bcl-2,mir-15a/16-1(clu),target,,cancer(multiple myeloma)(myeloma),,"proliferation, apoptosis, angiogenesis, downregulated",,,,high,citation,[209],mir-15a/16-1(clu),mir-15a/16-1(clu),bcl-2,bcl2,human,bcl-2,mir-15a/16-1 cluster,target,,cancer(multiple myeloma)(myeloma),,downregulated,,,,high,citation,[209],mir-15a/16-1 cluster,mir15a/mir16-1(fam),bcl-2,bcl2,ai,249,249
pmc7247691,15.0,cyclin d1,mir-15a/16-1(clu),target,,cancer(multiple myeloma)(myeloma),,"proliferation, apoptosis, angiogenesis, downregulated",,,,high,citation,[209],mir-15a/16-1(clu),mir-15a/16-1(clu),cyclin d1,ccnd1,human,cyclin d1,mir-15a/16-1 cluster,target,,cancer(multiple myeloma)(myeloma),,downregulated,,,,high,citation,[209],mir-15a/16-1 cluster,mir15a/mir16-1(fam),cyclin d1,ccnd1,ai,250,250
pmc7247691,15.0,pi3k,mir-15a/16-1(clu),target,,cancer(multiple myeloma)(myeloma),,"proliferation, apoptosis, angiogenesis, downregulated",,,,high,citation,[209],mir-15a/16-1(clu),mir-15a/16-1(clu),pi3k,pik3(fam),human,pi3k,mir-15a/16-1 cluster,target,,cancer(multiple myeloma)(myeloma),,downregulated,,,,high,citation,[209],mir-15a/16-1 cluster,mir15a/mir16-1(fam),pi3k,pik3ca(fam),ai,251,251
pmc7247691,15.0,mapk,mir-15a/16-1(clu),target,,cancer(multiple myeloma)(myeloma),,"proliferation, apoptosis, angiogenesis, downregulated",,,,high,citation,[209],mir-15a/16-1(clu),mir-15a/16-1(clu),mapk,mapk(fam),human,mapk,mir-15a/16-1 cluster,target,,cancer(multiple myeloma)(myeloma),,downregulated,,,,high,citation,[209],mir-15a/16-1 cluster,mir15a/mir16-1(fam),mapk,mapk(fam),ai,252,252
pmc7247691,15.0,vegf,mir-15a/16-1(clu),target,,cancer(multiple myeloma)(myeloma),,"proliferation, apoptosis, angiogenesis, downregulated",,,,high,citation,[209],mir-15a/16-1(clu),mir-15a/16-1(clu),vegf,vegfa,human,vegf,mir-15a/16-1 cluster,target,,cancer(multiple myeloma)(myeloma),,downregulated,,,,high,citation,[209],mir-15a/16-1 cluster,mir15a/mir16-1(fam),vegf,vegfa,ai,253,253
pmc7247691,15.0,socs-1,mir-17-92(clu),target,,cancer(multiple myeloma)(myeloma),,"drug resistance, poor prognosis, overexpressed",,,,high,citation,[209],mir-17-92(clu),mir-17-92(clu),socs-1,socs1,human,socs-1,mir-17-92 cluster,target,,cancer(multiple myeloma)(myeloma),,overexpressed,,,,high,citation,[209],mir-17-92 cluster,mir17hg,socs-1,socs1,ai,254,254
pmc7247691,15.0,bim,mir-17-92(clu),target,,cancer(multiple myeloma)(myeloma),,"drug resistance, poor prognosis, overexpressed",,,,high,citation,[209],mir-17-92(clu),mir-17-92(clu),bim,bcl2l11,human,bim,mir-17-92 cluster,target,,cancer(multiple myeloma)(myeloma),,overexpressed,,,,high,citation,[209],mir-17-92 cluster,mir17hg,bim,bcl2l11,ai,255,255
pmc7247691,15.0,c-myc,mir-34(fam),target,,cancer(multiple myeloma)(myeloma),,"cell cycle, apoptosis, tumor growth, downregulated",,,,high,citation,[209],mir-34(fam),mir-34(fam),c-myc,myc,human,c-myc,mir-34 family,target,,cancer(multiple myeloma)(myeloma),,downregulated,,,,high,citation,[209],mir-34 family,mir34(fam),c-myc,myc,ai,256,256
pmc7247691,15.0,cdk6,mir-34(fam),target,,cancer(multiple myeloma)(myeloma),,"cell cycle, apoptosis, tumor growth, downregulated",,,,high,citation,[209],mir-34(fam),mir-34(fam),cdk6,cdk6,human,cdk6,mir-34 family,target,,cancer(multiple myeloma)(myeloma),,downregulated,,,,high,citation,[209],mir-34 family,mir34(fam),cdk6,cdk6,ai,257,257
pmc7247691,15.0,c-met,mir-34(fam),target,,cancer(multiple myeloma)(myeloma),,"cell cycle, apoptosis, tumor growth, downregulated",,,,high,citation,[209],mir-34(fam),mir-34(fam),c-met,met,human,c-met,mir-34 family,target,,cancer(multiple myeloma)(myeloma),,downregulated,,,,high,citation,[209],mir-34 family,mir34(fam),c-met,met,ai,258,258
pmc7247691,15.0,bcl-2,mir-34(fam),target,,cancer(multiple myeloma)(myeloma),,"cell cycle, apoptosis, tumor growth, downregulated",,,,high,citation,[209],mir-34(fam),mir-34(fam),bcl-2,bcl2,human,bcl-2,mir-34 family,target,,cancer(multiple myeloma)(myeloma),,downregulated,,,,high,citation,[209],mir-34 family,mir34(fam),bcl-2,bcl2,ai,259,259
pmc7247691,15.0,notch1,mir-34(fam),target,,cancer(multiple myeloma)(myeloma),,"cell cycle, apoptosis, tumor growth, downregulated",,,,high,citation,[209],mir-34(fam),mir-34(fam),notch1,notch1,human,notch1,mir-34 family,target,,cancer(multiple myeloma)(myeloma),,downregulated,,,,high,citation,[209],mir-34 family,mir34(fam),notch1,notch1,ai,260,260
pmc7247691,15.0,hdac,mir-29b,target,,cancer(multiple myeloma)(myeloma),,"cell proliferation, apoptosis, migration, downregulated",,,,high,citation,[209],mir-29b,mir-29b,hdac,hdac(fam),human,hdac,mir-29b,target,,cancer(multiple myeloma)(myeloma),,downregulated,,,,high,citation,[209],mir-29b,mir29b1,hdac,hdac(fam),ai,261,261
pmc7247691,15.0,dnmt3b,mir-29b,target,,cancer(multiple myeloma)(myeloma),,"cell proliferation, apoptosis, migration, downregulated",,,,high,citation,[209],mir-29b,mir-29b,dnmt3b,dnmt3b,human,dnmt3b,mir-29b,target,,cancer(multiple myeloma)(myeloma),,downregulated,,,,high,citation,[209],mir-29b,mir29b1,dnmt3b,dnmt3b,ai,262,262
pmc7247691,15.0,mcl-1,mir-29b,target,,cancer(multiple myeloma)(myeloma),,"cell proliferation, apoptosis, migration, downregulated",,,,high,citation,[209],mir-29b,mir-29b,mcl-1,mcl1,human,mcl-1,mir-29b,target,,cancer(multiple myeloma)(myeloma),,downregulated,,,,high,citation,[209],mir-29b,mir29b1,mcl-1,mcl1,ai,263,263
pmc7247691,15.0,cdk-6,mir-29b,target,,cancer(multiple myeloma)(myeloma),,"cell proliferation, apoptosis, migration, downregulated",,,,high,citation,[209],mir-29b,mir-29b,cdk-6,cdk6,human,cdk-6,mir-29b,target,,cancer(multiple myeloma)(myeloma),,downregulated,,,,high,citation,[209],mir-29b,mir29b1,cdk-6,cdk6,ai,264,264
pmc7247691,15.0,akt,mir-29b,target,,cancer(multiple myeloma)(myeloma),,"cell proliferation, apoptosis, migration, downregulated",,,,high,citation,[209],mir-29b,mir-29b,akt,akt(fam),human,akt,mir-29b,target,,cancer(multiple myeloma)(myeloma),,downregulated,,,,high,citation,[209],mir-29b,mir29b1,akt,akt(fam),ai,265,265
pmc7247691,15.0,sp1,mir-29b,target,,cancer(multiple myeloma)(myeloma),,"cell proliferation, apoptosis, migration, downregulated",,,,high,citation,[209],mir-29b,mir-29b,sp1,sp1,human,sp1,mir-29b,target,,cancer(multiple myeloma)(myeloma),,downregulated,,,,high,citation,[209],mir-29b,mir29b1,sp1,sp1,ai,266,266
pmc7247691,15.0,p53,mir-125a-5p,target,,cancer(multiple myeloma)(myeloma),,"cell growth, apoptosis, migration, overexpressed",,,,high,citation,[209],mir-125a-5p,mir-125a-5p,p53,tp53,human,p53,mir-125a-5p,target,,cancer(multiple myeloma)(myeloma),,overexpressed,,,,high,citation,[209],mir-125a-5p,mir125a,p53,tp53,ai,267,267
pmc7247691,15.0,p21,mir-125a-5p,target,,cancer(multiple myeloma)(myeloma),,"cell growth, apoptosis, migration, overexpressed",,,,high,citation,[209],mir-125a-5p,mir-125a-5p,p21,cdkn1a,human,p21,mir-125a-5p,target,,cancer(multiple myeloma)(myeloma),,overexpressed,,,,high,citation,[209],mir-125a-5p,mir125a,p21,cdkn1a,ai,268,268
pmc7247691,15.0,bax,mir-125a-5p,target,,cancer(multiple myeloma)(myeloma),,"cell growth, apoptosis, migration, overexpressed",,,,high,citation,[209],mir-125a-5p,mir-125a-5p,bax,bax,human,bax,mir-125a-5p,target,,cancer(multiple myeloma)(myeloma),,overexpressed,,,,high,citation,[209],mir-125a-5p,mir125a,bax,bax,ai,269,269
pmc7247691,15.0,mdm2,mir-125a-5p,target,,cancer(multiple myeloma)(myeloma),,"cell growth, apoptosis, migration, overexpressed",,,,high,citation,[209],mir-125a-5p,mir-125a-5p,mdm2,mdm2,human,mdm2,mir-125a-5p,target,,cancer(multiple myeloma)(myeloma),,overexpressed,,,,high,citation,[209],mir-125a-5p,mir125a,mdm2,mdm2,ai,270,270
pmc7247691,15.0,irf4,mir-125b-5p,target,,cancer(multiple myeloma)(myeloma),,"cell growth, apoptosis, autophagy, downregulated",,,,high,citation,[209],mir-125b-5p,mir-125b-5p,irf4,irf4,human,irf4,mir-125b-5p,target,,cancer(multiple myeloma)(myeloma),,downregulated,,,,high,citation,[209],mir-125b-5p,mir125b,irf4,irf4,ai,271,271
