ID.SC,Block_ID.SC,Gene_Protein.SC_Human,unnormalized.SC_Human,normalized.SC_Human,Disease.SC_Human,Treatment_Exposure.SC_Human,Connection_Disease.SC_Human,Connection_Treatment.SC_Human,Disease_Mechanism.SC_Human,Treatment_Mechanism.SC_Human,Associated_Factors.SC_Human,Cellline.SC_Human,Species.SC_Human,Tissue.SC_Human,Confidence.SC_Human,Type_of_Evidence.SC_Human,Sentence.SC_Human,Source_Human,Gene_Protein.SC_AI,Disease.SC_AI,Treatment_Exposure.SC_AI,Connection_Disease.SC_AI,Connection_Treatment.SC_AI,Disease_Mechanism.SC_AI,Treatment_Mechanism.SC_AI,Associated_Factors.SC_AI,Cellline.SC_AI,Species.SC_AI,Tissue.SC_AI,Confidence.SC_AI,Type_of_Evidence.SC_AI,Sentence.SC_AI,Gene_Protein_unnormalized.SC_AI,Gene_Protein_normalized.SC_AI,Source_AI,Human_Index,AI_Index,connection_disease_marker_Human,connection_disease_marker_AI,mechanism_type.SC_Human,mechanism_type.SC_AI,disease_marker_Human,disease_marker_AI
pmc10367263,1.0,tp53(g)(mut),tp53(g)(mut),tp53,cancer(osteosarcoma)(sarcoma),,progression,,loss of function,,,,human,bone,high,citation,[6],human,tp53(g),cancer(osteosarcoma)(sarcoma),,suppression,,loss of tp53 gene functionality,,frequently mutated in osteosarcoma,,human,bone,high,citation,[5],tp53(g),tp53,ai,1,1,,,,,,
pmc10367263,1.0,rb1(g)(mut),rb1(g)(mut),rb1,cancer(osteosarcoma)(sarcoma),,progression,,loss of function,,,,human,bone,high,citation,[6],human,rb1,cancer(osteosarcoma)(sarcoma),,suppression,,loss of rb1 gene functionality,,frequently mutated in osteosarcoma,,human,bone,high,citation,[5],rb1,rb1,ai,2,2,,,,,,
pmc10367263,1.0,runx2,runx2,runx2,cancer(osteosarcoma)(sarcoma),,connected,,cancer cell survival,,regulating maturation  osteoblasts,"saos2, u2os, hos(mnng), 143b, g292",human,bone,high,citation,"[7,8,9,13,35]",human,runx,cancer(osteosarcoma)(sarcoma),,progression,,amplified gene expression,,frequently mutated in osteosarcoma,,,bone,high,citation,[9],runx,runx(fam),ai,3,3,,,,,,
pmc10367263,1.0,runx3,runx3,runx3,cancer(osteosarcoma)(sarcoma),,connected,,,,osteosarcoma development,,human,bone,high,citation,"[12,13]",human,runx,cancer(osteosarcoma)(sarcoma),,progression,,amplified gene expression,,frequently mutated in osteosarcoma,,,bone,high,citation,[9],runx,runx(fam),ai,4,3,,,,,,
pmc10367263,1.0,myc,myc,myc,cancer(osteosarcoma)(sarcoma),,connected,,cancer cell survival,,,,human,bone,high,citation,[10],human,myc(p),cancer(osteosarcoma)(sarcoma),,progression,,cell survival,,crucial os cell survival tf,,,bone,high,citation,[27],myc(p),myc,ai,5,5,,,,,,
pmc10367263,1.0,sox9,sox9,sox9,cancer(osteosarcoma)(sarcoma),,connected,,,,chondroblast maturation,"saos2, u2os, hos(mnng), 143b, g292",human,bone,high,citation,"[14,16,33]",human,sox9,"cancer(osteosarcoma)(sarcoma), cancer(fos-induced chondroblastic os)(sarcoma)",,progression,,sox9 contributes to os tumorgenesis,,sox9 regulates cell cycle progression and differentiation,,,chondrocytes,high,citation,"[15,16,33]",sox9,sox9,ai,6,4,,,,,,
pmc10367263,1.0,sp7,sp7,sp7,cancer(osteosarcoma)(sarcoma),,connected,,resistance,,osteoblast maturation,,mouse,bone,high,citation,[28],human,sp7,cancer(osteosarcoma)(sarcoma),,suppression,,,,anti-tumor activity,,mouse,bone,high,citation,[28],sp7,sp7,ai,8,6,,,,,,
pmc10367263,1.0,zeb2,zeb2,zeb2,cancer(osteosarcoma)(sarcoma),,connected,,os metastasis,,emt,,human,bone,medium,citation,[31],human,zeb2,cancer(osteosarcoma)(sarcoma),,progression,,epithelial-mesenchymal transition,,,,,metastases,medium,citation,[31],zeb2,zeb2,ai,9,7,,,,,,
pmc10367263,2.0,sox9,sox9,sox9,cancer(osteosarcoma)(sarcoma),,connected,,,,,"os dunn,saos2",human,none,high,direct,"[97,106]",human,sox9,cancer(osteosarcoma)(sarcoma),,progression,,cell survival,,,,,,,,[84],sox9,sox9,ai,11,11,,,,,,
pmc10367263,2.0,ncoa6,ncoa6,ncoa6,cancer(breast cancer),,connected,,,,,,human,breast,high,citation,[119],human,ncoa6,cancer(breast cancer)(na),,connected,,,,overexpression,,,breast,high,citation,[119],ncoa6,ncoa6,ai,12,13,,,,,,
pmc10367263,2.0,jmjd1c,jmjd1c,jmjd1c,cancer(osteosarcoma)(sarcoma),,connected,,,,histone lysine methylation demethylation,saos2,"human,mouse",bone,high,direct,"[124,125,126]",human,jmjd1c,cancer(osteosarcoma)(sarcoma),,progression,,,,"overexpression, required for os growth in vivo",,,,high,direct,"[115,131]",jmjd1c,jmjd1c,ai,13,12,,,,,,
pmc10367263,2.0,jmjd1c,jmjd1c,jmjd1c,cancer(osteosarcoma)(sarcoma),,connected,,,,histone lysine methylation demethylation,saos2,"human,mouse",bone,high,direct,"[124,125,126]",human,jmjd1c(g)(mut),cancer(osteosarcoma)(sarcoma),,suppression,,reduced levels of jmjd1c by adding jmjd1c shrnas,,"smaller tumors, prolonged survival",saos2 in nsg mouse,mouse,,,,"[125,126,127,128,129]",jmjd1c(g)(mut),jmjd1c,ai,13,14,,,,,,
pmc10367263,4.0,runx2,runx2,runx2,cancer(osteosarcoma)(sarcoma),,connected,,cancer cell survival,,,,,bone,high,direct,"[143,146,168]",human,runx2,cancer(osteosarcoma)(sarcoma),"mi-2,mi-3",progression,inhibitor,cancer cell survival,increased apoptosis,transcription factor,,,bone,high,citation,"[143,146,151,167,168]",runx2,runx2,ai,16,16,,,,,,
pmc10367263,4.0,sox9,sox9,sox9,cancer(osteosarcoma)(sarcoma),,connected,,"cancer cell survival,cancer growth",,,,,bone,high,direct,"[143,148,151,153,160]",human,sox9,cancer(osteosarcoma)(sarcoma),knock-down,progression,inhibitor,"cancer cell survival, cancer growth",growth inhibition,transcription factor,,,bone,high,direct,"[146,148,151,153,160]",sox9,sox9,ai,17,17,,,,,,
pmc10367263,4.0,jmjd1c,jmjd1c,jmjd1c,cancer(osteosarcoma)(sarcoma),,connected,,"cancer cell survival,cancer growth",,,,,bone,high,direct,"[148,151]",human,jmjd1c,cancer(osteosarcoma)(sarcoma),knock-down,progression,inhibitor,"cancer cell survival, cancer growth",growth inhibition,,,,bone,high,direct,"[148,151,159]",jmjd1c,jmjd1c,ai,18,20,,,,,,
pmc10367263,4.0,myc,myc,myc,cancer(osteosarcoma)(sarcoma),,connected,,cancer cell survival,,,,,bone,high,citation,"[151,153]",human,myc,"cancer(osteosarcoma)(sarcoma), cancer(na)(na)",,progression,,cancer cell survival,,,,,"bone, na",high,citation,"[146,151,153]",myc,myc,ai,19,18,,,,,,
pmc10367263,4.0,myc,myc,myc,cancer(osteosarcoma)(sarcoma),,connected,,cancer cell survival,,,,,bone,high,citation,"[151,153]",human,myc,cancer(osteosarcoma)(sarcoma),upstream knock-down,progression,inhibitor,cancer cell survival,growth inhibition,,,,"bone, na",high,indirect,[153],myc,myc,ai,19,19,,,,,,
pmc10367263,4.0,stat3,stat3,stat3,cancer(osteosarcoma)(sarcoma),,connected,,poor outcomes,,,,mouse,bone,high,citation,[156],human,stat3(p),cancer(osteosarcoma)(sarcoma),,progression,,poor prognosis,,overexpression,,,bone,high,citation,"[155,156]",stat3(p),stat3,ai,20,21,,,,,,
pmc2588448,9.0,tlr4(p),tlr4(p),tlr4,cancer(diffuse large b-cell lymphoma)(lymphoma),,connected,,"poor outcomes,activation",,,,human,,medium,indirect,[123],human,tlr4 (p)(path),cancer (diffuse large b cell lymphoma)(lymphoma),,progression,,cell activation,,poor prognosis,b cells,,,high,indirect,"[122,123,124]",tlr4 (p)(path),tlr4,ai,42,42,,,,,,
pmc2588448,9.0,tlr9(p),tlr9(p),tlr9,cancer(diffuse large b-cell lymphoma)(lymphoma),,connected,,"poor outcomes,activation",,,,human,,medium,indirect,[123],human,tlr9 (p)(path),cancer (diffuse large b cell lymphoma)(lymphoma),,progression,,cell activation,,poor prognosis,b cells,,,high,indirect,"[122,123,124]",tlr9 (p)(path),tlr9,ai,43,43,,,,,,
pmc2588448,9.0,cd40(p),cd40(p),cd40,cancer(diffuse large b-cell lymphoma)(lymphoma),,connected,,"poor outcomes,activation",,,,human,,medium,indirect,[123],human,cd40 (p)(path),cancer (diffuse large b cell lymphoma)(lymphoma),,progression,,cell activation,,poor prognosis,b cells,,,high,indirect,"[122,123,124]",cd40 (p)(path),cd40,ai,44,44,,,,,,
pmc2588448,12.0,hsp90(p),hsp90(p),hsp90(fam),cancer,"17-allylamino-geldanamycin, monorden",connected,inhibitor,"tumor survival, growth",inhibitor,,,human,,high,citation,"[149,150,152]",human,hsp90 (p),cancer(na)(na),17aag,suppression,inhibitor,chaperone for mutated proteins,tumor survival and growth inhibition,,,,,high,citation,"[149,150,151]",hsp90 (p),hsp90(fam),ai,46,46,,,,,,
pmc2588448,12.0,hsp90(p),hsp90(p),hsp90(fam),cancer,"17-allylamino-geldanamycin, monorden",connected,inhibitor,"tumor survival, growth",inhibitor,,,human,,high,citation,"[149,150,152]",human,hsp90 (p),cancer(na)(na),monorden,suppression,inhibitor,chaperone for mutated proteins,tumor survival and growth inhibition,,,,,high,citation,"[149,150,151]",hsp90 (p),hsp90(fam),ai,46,47,,,,,,
pmc2588448,13.0,tlr4(p),tlr4(p),tlr4,cancer,,connected,,"progression, carcinogenesis, not adenocarcinoma",,,,human,,high,citation,"[159,161,163]",human,toll-like receptors (p),cancer(na)(na),x,progression,,receptor activation,,cercinogenesis and progression of specific cancers,,,,medium,"citaion, indirect","[158.159,160, 161,162]",toll-like receptors (p),tlr(fam),ai,49,49,,,,,,
pmc4941290,1.0,pten (g)(mut),pten (g)(mut),pten,cancer(prostate)(carcinoma),azd5363,connected,,loss of function,resistance,pten mutation,,mouse,prostate,high,direct,"[14, 19, 21]",human,pten(g),cancer(prostate cancer)(na),,suppression,,suppresses pi3k/akt pathway,,,,human,prostate,high,citation,"[12,14]",pten(g),pten,ai,57,57,,,,,,
pmc4941290,1.0,pik3ca(g)(mut),pik3ca(g)(mut),pik3ca,cancer(prostate)(carcinoma),,connected,,activating mutation,,pi3k mutation,,human,prostate,high,citation,"[12, 13, 18]",human,pi3k/akt(p)(path)(mut),cancer(prostate cancer)(na),targeting akt,progression,connected,activation of cellular-stress-pathway pi3k/akt,tergeting akt,disease progression,,human,prostate,high,citation,"[12,13,14,15]",pi3k/akt(p)(path)(mut),akt(path),ai,58,56,,,,target,,
pmc4941290,1.0,pik3cb(g)(mut),pik3cb(g)(mut),pik3cb,cancer(prostate)(carcinoma),,connected,,activating mutation,,pi3k mutation,,human,prostate,high,citation,"[12, 13, 18]",human,pi3k/akt(p)(path)(mut),cancer(prostate cancer)(na),targeting akt,progression,connected,activation of cellular-stress-pathway pi3k/akt,tergeting akt,disease progression,,human,prostate,high,citation,"[12,13,14,15]",pi3k/akt(p)(path)(mut),akt(path),ai,59,56,,,,target,,
pmc4941290,1.0,akt1(g)(mut),akt1(g)(mut),akt1,cancer(prostate)(carcinoma),azd5363,connected,inhibitor,"activating mutation,survival, proliferation, cell cycle progression, growth, invasion, migration, and angiogenesis",atp-competitive inhibitor,akt mutation,,human,prostate,high,citation,"[12,15,16]",human,akt(p),cancer(prostate cancer)(na),azd5363,progression,connected,"tumor survival, proliferation, cell cycle progression, growth, invasion, migration, angiogenesis",inhibition of phosphorylation of akt substrates,"dosage 100 mg/kg, maximal inhibition within first 2 hours",pten-ko,mouse,prostate,high,direct,"[15,21,23]",akt(p),akt,ai,60,59,,,target,target,,
pmc4941290,1.0,akt1(g)(mut),akt1(g)(mut),akt1,cancer(prostate)(carcinoma),azd5363,connected,inhibitor,"activating mutation,survival, proliferation, cell cycle progression, growth, invasion, migration, and angiogenesis",atp-competitive inhibitor,akt mutation,,human,prostate,high,citation,"[12,15,16]",human,pi3k/akt(p)(path)(mut),cancer(prostate cancer)(na),targeting akt,progression,connected,activation of cellular-stress-pathway pi3k/akt,tergeting akt,disease progression,,human,prostate,high,citation,"[12,13,14,15]",pi3k/akt(p)(path)(mut),akt(path),ai,60,56,,,target,target,,
pmc4941290,1.0,akt (fam),akt (fam),akt(fam),cancer(prostate)(carcinoma),azd5363,connected,inhibitor,"survival, proliferation, cell cycle progression, growth, invasion, migration, and angiogenesis",atp-competitive inhibitor,,,mouse,prostate,high,direct,"[15,16]",human,akt(p),cancer(prostate cancer)(na),azd5363,progression,connected,"tumor survival, proliferation, cell cycle progression, growth, invasion, migration, angiogenesis",inhibition of phosphorylation of akt substrates,"dosage 100 mg/kg, maximal inhibition within first 2 hours",pten-ko,mouse,prostate,high,direct,"[15,21,23]",akt(p),akt,ai,61,59,,,target,target,,
pmc4941290,1.0,akt (fam),akt (fam),akt(fam),cancer(prostate)(carcinoma),azd5363,connected,inhibitor,"survival, proliferation, cell cycle progression, growth, invasion, migration, and angiogenesis",atp-competitive inhibitor,,,mouse,prostate,high,direct,"[15,16]",human,pi3k/akt(p)(path)(mut),cancer(prostate cancer)(na),targeting akt,progression,connected,activation of cellular-stress-pathway pi3k/akt,tergeting akt,disease progression,,human,prostate,high,citation,"[12,13,14,15]",pi3k/akt(p)(path)(mut),akt(path),ai,61,56,,,target,target,,
pmc4941290,1.0,erk1,erk1,mapk3,cancer(prostate)(carcinoma),azd5368,connected,activator,,activates phosphorilation,,,mouse,prostate,high,direct,"[28,31]",human,erk(p),cancer(prostate cancer)(na),azd5363,,connected,,phosphorylation,"with dosage 200mg/kg phosphorylation levels increased, with dosage 100mg/kg phosphorylation levels remained",pten-ko,mouse,prostate,high,direct,"[21,31]",erk(p),erk(fam),ai,66,63,,,,,,
pmc4941290,1.0,erk2,erk2,mapk1,cancer(prostate)(carcinoma),azd5369,connected,activator,,activates phosphorilation,,,mouse,prostate,high,direct,"[28,31]",human,erk(p),cancer(prostate cancer)(na),azd5363,,connected,,phosphorylation,"with dosage 200mg/kg phosphorylation levels increased, with dosage 100mg/kg phosphorylation levels remained",pten-ko,mouse,prostate,high,direct,"[21,31]",erk(p),erk(fam),ai,67,63,,,,,,
pmc4941290,1.0,stat3,stat3,stat3,cancer(prostate)(carcinoma),azd5370,connected,activator,,activates phosphorilation,,,mouse,prostate,high,direct,"[28,29,30]",human,stat3(p),cancer(prostate cancer)(na),azd5363,progression,connected,resistance and survival of cancer cells,phosphorylation,"with dosage 100 mg/kg phosphorylation doubled within 1h then decreased below baseline levels, with dosages 50 and 200 mg/kg stat3 levels increased after 4 hours",pten-ko,mouse,prostate,high,direct,"[21,27,29,30]",stat3(p),stat3,ai,68,62,,,,,,
pmc4941290,3.0,s6 (p),s6 (p),rps6,cancer(prostate)(carcinoma),azd5367,connected,inhibitor,,inhibits phosphorilation,"cnpc, crpc,early stage,pten-ko",,mouse,prostate,high,direct,"[50,54,63]",human,s6(p),cancer(prostate cancer)(na),azd5363,,connected,inhibition of phosyphorylation,,early-stage cancer,"crpc, cnpc",mouse,prostate,high,direct,"[53,54,58]",s6(p),rps6,ai,72,74,,,,,,
pmc4941290,3.0,akt (fam),akt (fam),akt(fam),cancer(prostate)(carcinoma),azd5363,connected,inhibitor,,inhibitor,"cnpc, crpc,early stage,pten-ko",,mouse,prostate,high,direct,"[58,63,85]",human,akt(p),cancer(prostate cancer)(na),azd5363,progression,inhibitor,tumor growth and progression,inhibition of akt activity,early-stage cancer,"crpc, cnpc",mouse,prostate,high,direct,"[58,85]",akt(p),akt,ai,73,75,,,,,,
pmc4941290,3.0,p53(mut),p53(mut),tp53,cancer(prostate)(carcinoma),,connected,,"loss of function,disease progression",,pten/p53-dko,,human,prostate,high,citation,[66],human,p53(g),cancer(prostate cancer)(na),,progression,,disease progression,,frequently inactivated in advanced human prostate cancer,,animal models,prostate,high,citation,[66],p53(g),tp53,ai,74,76,,,,,,
pmc4941290,5.0,akt (fam),akt (fam),akt(fam),cancer(prostate)(carcinoma),azd5363,connected,inhibitor,,inhibitor,pten/p53-dko,,mouse,prostate,high,direct,"[112,113,114]",human,akt(p),cancer(pten-deficient prostate cancer)(na),azd5363,progression,inhibitor,tumor growth and progresstion,"growth inhibition, inhibition of progression","better outcomes, longer survival, pi3k/akt pathway
alterations",pten/p53-dko,gem mouse models,,high,direct,"[111,112,114]",akt(p),akt,ai,81,81,,,,,,
pmc4941290,6.0,akt (fam),akt (fam),akt(fam),cancer(prostate)(carcinoma),azd5363,connected,inhibitor,,inhibitor,,,human,prostate,high,hypothetical,[127],human,akt(p),cancer(pten-deficient prostate cancer)(na),azd5363,progression,inhibitor,pi3k/akt pathway alterations,akt inhibition,azd5363 completed phase 1 preclinical studies,pten/p53-dko,mouse,prostate,high,drect,"[123,125,126,129,130]",akt(p),akt,ai,83,84,,,,,,
pmc4941290,7.0,pten(g)(mut),pten(g)(mut),pten,cancer(prostate)(carcinoma),,connected,,"loss of function, tumorgenesis, metastases",,pten-ko,,mouse,"prostate,metastases",high,"citation,direct","[154,155,156,157]",human,pten(g)(mut),cancer(prostate cancer)(na),,progression,,,,"gene inactivation, pi3k pathway activation",,gem,prostate,high,citation,[154],pten(g)(mut),pten,ai,86,86,,,,,,
pmc4941290,7.0,pten(g)(mut),pten(g)(mut),pten,cancer(prostate)(carcinoma),,connected,,"loss of function, tumorgenesis, metastases",,pten-ko,,mouse,"prostate,metastases",high,"citation,direct","[154,155,156,157]",human,pten(g)(mut),cancer(prostate cancer)(na),,progression,,pi3k/akt pathway activation,,complete penetrance,pten-ko,mouse,prostate,high,direct,[156],pten(g)(mut),pten,ai,86,88,,,,,,
pmc4941290,8.0,p53,p53,tp53,cancer(prostate)(carcinoma),,connected,,"progression,metastases",,,,mouse,"prostate, metastases",high,citation,[169],human,p53(g)(mut),cancer(prostate cancer)(na),,progression,,,,advanced metastatic prostate cancer,,,prostate,high,citation,[169],p53(g)(mut),tp53,ai,90,91,,,,,,
pmc4941290,9.0,akt (fam),akt (fam),akt(fam),cancer(prostate)(carcinoma),azd5363,connected,inhibitor,,inhibitor,"pten/p53-dko,pten-ko,cprc,cytostatic response,apoptosis",,mouse,prostate,high,direct,[188],human,akt(p),cancer(castration-naive prostate cancer)(na),akt inhibition,progression,inhibitor,,"reduced cell proliferation, induced apoptosis",,"pten-ko, pten/p53-ko",mouse,prostate,high,direct,[188],akt(p),akt,ai,93,93,,,,,,
pmc4941290,9.0,akt (fam),akt (fam),akt(fam),cancer(prostate)(carcinoma),azd5363,connected,inhibitor,,inhibitor,"pten/p53-dko,pten-ko,cprc,cytostatic response,apoptosis",,mouse,prostate,high,direct,[188],human,akt(p),cancer(prostate cancer)(na),akt inhibition,progression,inhibitor,,cytostatic response,,"pten-ko, pten/p53-ko",mouse,prostate,high,direct,[188],akt(p),akt,ai,93,94,,,,,,
pmc4941290,9.0,erk,erk,erk(fam),cancer(prostate)(carcinoma),azd5364,connected,connected,,phosphorilated,"pten/p53-dko,pten-ko",,mouse,prostate,high,direct,[188],human,erk,cancer(prostate cancer)(na),,connected,,,,increased levels in proliferating tumor cells,,mouse,,high,drect,"[188,192]",erk,erk(fam),ai,94,95,,,,,,
pmc6642263,1.0,zeb1,zeb1,zeb1,cancer(breast cancer)(carcinoma),,progression,,"invasion,metastasis, drug resistance, radioresistance, emt, poor survival",,"stromal cells,tnbc; er and pr negative, her2 negative",,"human, mouse",breast(stromal fibroblasts),high,citation,"[5,6,7,24]",human,zeb1(p),"cancer(na)(na), cancer(luminal breast cancer)(carcinoma), cancer(her2+ breast cancer)(carcinoma),cancer(triple-negative breast cancer)(carcinoma)",,,,,,"predominant in tumor cells, levels increasing with tumor progression, relapse, poor outcome",,human,stromal,high,direct,"[6,7,13,14,15,16,17,18,19,24,25]",zeb1(p),zeb1,ai,98,99,,,,,,
pmc6642263,1.0,zeb1,zeb1,zeb1,cancer(breast cancer)(carcinoma),,progression,,"invasion,metastasis, drug resistance, radioresistance, emt, poor survival",,"stromal cells,tnbc; er and pr negative, her2 negative",,"human, mouse",breast(stromal fibroblasts),high,citation,"[5,6,7,24]",human,zeb1(g),"cancer(luminal b breast cancer)(carcinoma), cancer(her2+ breast cancer)(carcinoma),cancer(basal breast cancer)(carcinoma)",,progression,,,,predominant in tumor cells,"mmtv-pymt,mmtv-erbb2/neu,mmtv-wnt1",mouse,stromal,high,direct,"[20,21]",zeb1(g),zeb1,ai,98,100,,,,,,
pmc6642263,1.0,zeb1,zeb1,zeb1,cancer(breast cancer)(carcinoma),,progression,,"invasion,metastasis, drug resistance, radioresistance, emt, poor survival",,"stromal cells,tnbc; er and pr negative, her2 negative",,"human, mouse",breast(stromal fibroblasts),high,citation,"[5,6,7,24]",human,zeb1/p53(path),cancer(breast cancer)(na),drug,progression,inhibitor,inhibition of acetylation expression and recruitment of p53,"inhibition of zeb1/p53 interaction, removal of zeb1","tumor growth, tumor progression",,,stromal,medium,indirect,"[11,12]",zeb1/p53(path),tp53(path),ai,98,101,,,,,,
pmc6642263,2.0,zeb1(g),zeb1(g),zeb1,cancer(breast cancer)(carcinoma),knockout,progression,,"growth,metastasis",cancer supression,"zeb1-knockout,fibroblasts,stroma, pymt",,mouse,breast(stromal fibroblasts),high,direct,"[51,62]",human,zeb1,cancer(breast cancer)(carcinoma),chemical,progression,inhibitor,,deletion of zeb1,tumor formation,mmtv-pymt,mouse,epithelial,high,direct,"[50,56,62]",zeb1,zeb1,ai,103,103,,,,,,
pmc6642263,5.0,zeb1(g),zeb1(g),zeb1,cancer(breast cancer)(carcinoma),,progression,,"progression, metastasis, recruitment imune cells, recruitment endothelial cells",,"stromal fibroblast,pymt-fib-cko",,mouse,metastasis(lung),high,direct,"[114,115,119]",human,zeb1,cancer(mammary cancer)(na),zeb1 ablation,progression,inhibitor,tumor growth and invasion,inhibition of tumor growth and invasion,,,,mammary epithelial cells,high,direct,"[114,119]",zeb1,zeb1,ai,109,109,,,,,,
pmc6642263,5.0,k14(p),k14(p),krt14,cancer(breast cancer)(carcinoma),,,,"invasion, metastasis",,"pymt-fib-cko,pymt-fib-wt",,mouse,breast,high,"citation,direct","[116,117,118]",human,cytokeratin-14,cancer(mammary cancer)(carcinoma),,progression,,tumor cell invasion,,metastatic progression,,,,high,"citation, direct","[116,117]",cytokeratin-14,krt14,ai,110,111,yes,,,,,
pmc6642263,7.0,zeb1(g),zeb1(g),zeb1,cancer(breast cancer)(carcinoma),knockout,progression,inhibitor,"invasion, migration","invasion supression, migration suppresion","cafs,stromal fibroblasts",,pymt-cancer cells,,high,direct,"[139,140,141,149,150]",human,zeb1,cancer(mammary cancer)(na),zeb1 ablation,,inhibitor,paracrine signaling to upregulate tumor growth,inhibition of pymt-tumor invasion and cell proliferation,,,,,high,direct,"[140,141,147,150]",zeb1,zeb1,ai,113,113,,,,,,
pmc6642263,7.0,zeb1(g),zeb1(g),zeb1,cancer(breast cancer)(carcinoma),knockout,progression,inhibitor,"invasion, migration","invasion supression, migration suppresion","cafs,stromal fibroblasts",,pymt-cancer cells,,high,direct,"[139,140,141,149,150]",human,zeb1,cancer(mammary cancer)(na),zeb1 deletion,,inhibitor,,"reduced tumor growth, decreased disposition of intratumoral type i collagen, reduced recruitment of endothelial cells and leucocytes and macrophages, reduced cytokeratin-14 levels at invasive border",knock-out leads to suppressive tumor microenvironment,"fib-cko, fib-wt",mouse,mammary glands,high,direct,"[152,153,154,156,157,158]",zeb1,zeb1,ai,113,114,,,,,,
pmc6642263,9.0,p53,p53,tp53,cancer(breast cancer)(carcinoma),,suppression,,"expansion, progression,tumor initiation",,fib-cko,,mouse,,medium,citation,[175],human,p53,cancer(na)(carcinoma),,progression,,control of cell expansion,,tumor initioation and progression,,,,high,citation,[175],p53,tp53,ai,116,116,,,,,,
pmc6642263,13.0,p53,p53,tp53,cancer(breast cancer)(carcinoma),,suppression,,"suppression type i collagen deposition, suppression recruitment of endothelial cells, suppression recruitment of immune cells",,"stroma, fibroblast,pymt-fib-zeb1-cko,pymt-fib-wt,pymt-fib-zeb1/p53-dcko",pymt-cancer cells,mouse,breast(stromal fibroblasts),high,direct,"[275,279]",human,p53(g),cancer(mammary cancer)(na),,suppression,,,,,"pymt-fib-zeb1-cko, pymt-fib-wt",mouse,"stroma, epithel",high,direct,[276],p53(g),tp53,ai,124,124,,,,,,
pmc6642263,13.0,zeb1(p),zeb1(p),zeb1,cancer(breast cancer),,connected,,"poor outcomes, tumour progression",,"stroma, not epithelia",,human,,medium,citation,"[282,283]",human,zeb1,cancer(mammary cancer)(na),,progression,,,,"negative correlation with relapse-free survival rates, abundant stroma indicates poor prognosis",,"human, mouse",stroma,high,direct,[283],zeb1,zeb1,ai,125,125,,,,,,
pmc6642263,13.0,zeb1(p),zeb1(p),zeb1,cancer(breast cancer),,connected,,"poor outcomes, tumour progression",,"stroma, not epithelia",,human,,medium,citation,"[282,283]",human,zeb1(g)(mut),cancer(mammary cancer)(na),,suppression,,,knock-out impairs tumor progression,potential prognostic marker,,mouse,stroma,high,direct,"[289,291]",zeb1(g)(mut),zeb1,ai,125,127,,,,,,
pmc6642263,13.0,zeb1(p),zeb1(p),zeb1,cancer(pancreatic cancer),,connected,,,,"stroma, not epithelia",,human,,medium,citation,[282],human,zeb1(mut),cancer(pancreatic cancer)(carcinoma),,suppression,,,knock-out reduces tumor grading and metastasis,"pdx1-cre, kras, p53",,,"pancreas, epithel",high,citation,[286],zeb1(mut),zeb1,ai,126,126,,,,,,
pmc6695528,1.0,ssat1,ssat1,sat1,cancer,amantadine,connected,,"cell growth,proliferation, cell death",substrate,,,human,,high,citation,"[10,11,12,14]",human,spermidine/spermine n1-acetyltransferase-1(p),cancer(na)(na),amantadine,connected,connected,upregulated ssat-1,amantadine is specific substrate of ssat-1,protein-drug-interaction produces acetylamantadine which is measurable in urine,,human,,high,citation,"[11,12]",spermidine/spermine n1-acetyltransferase-1(p),sat1,ai,133,133,,,,,yes,
pmc7221297,1.0,asct2(p),asct2(p),slc1a5,"cancer(breast cancer)(carcinoma), cancer(prostate cancer)(carcinoma), cancer(melanoma)(melanoma), cancer(colorectal cancer)(carcinoma), cancer(pancreatic cancer)(carcinoma), cancer(tongue cancer)(carcinoma), cancer(lung cancer)(carcinoma),cancer(endometrial cancer)(carcinoma), cancer(oral squamous cells)(carcinoma)",,progression,,"poor survival,glutamin transport, tumor growth",,,,human,,high,citation,"[5,6,8]",human,asct2,"cancer(breast cancer)(na), cancer(prostate cancer)(na), cancer(melanoma)(carcinoma), cancer(colorectal cancer)(na), cancer(pancreatic cancer)(na), cancer(tongue cancer)(na), cancer(lung cancer)(na), cancer(na)(na)",targeted interference with asct2,progression,inhibitor,mediation of amino acid and glutamine transport,,highly expressed,,,,high,citation,[4],asct2,slc1a5,ai,147,144,,,,,,
pmc7221297,1.0,asct2(p),asct2(p),slc1a5,"cancer(breast cancer)(carcinoma), cancer(prostate cancer)(carcinoma), cancer(melanoma)(melanoma), cancer(colorectal cancer)(carcinoma), cancer(pancreatic cancer)(carcinoma), cancer(tongue cancer)(carcinoma), cancer(lung cancer)(carcinoma),cancer(endometrial cancer)(carcinoma), cancer(oral squamous cells)(carcinoma)",,progression,,"poor survival,glutamin transport, tumor growth",,,,human,,high,citation,"[5,6,8]",human,asct2,"cancer(endometrial cancer)(carcinoma), cancer(prostate cancer)(na), cancer(colorectal cancer)(na)",asct2‐sirna or asct-inhibitors,progression,inhibitor,mediation of amino acid and glutamine transport,,treatment reduces tumor growth and development,,,"prostate, colon, rectum, endometrium",high,citation,"[4,5]",asct2,slc1a5,ai,147,145,,,,,,
pmc7221297,1.0,asct2(p),asct2(p),slc1a5,"cancer(breast cancer)(carcinoma), cancer(prostate cancer)(carcinoma), cancer(melanoma)(melanoma), cancer(colorectal cancer)(carcinoma), cancer(pancreatic cancer)(carcinoma), cancer(tongue cancer)(carcinoma), cancer(lung cancer)(carcinoma),cancer(endometrial cancer)(carcinoma), cancer(oral squamous cells)(carcinoma)",,progression,,"poor survival,glutamin transport, tumor growth",,,,human,,high,citation,"[5,6,8]",human,asct2,"cancer(non-small cell lung cancer)(carcinoma), cancer(esophageal squamous cell carcinoma)(carcinoma)",,progression,,mediation of amino acid and glutamine transport,,marker for poor prognosis,,,"lungs, esophaegus",medium,citation,"[4,5]",asct2,slc1a5,ai,147,146,,,,,,
pmc7221297,1.0,asct2(p),asct2(p),slc1a5,"cancer(breast cancer)(carcinoma), cancer(prostate cancer)(carcinoma), cancer(melanoma)(melanoma), cancer(colorectal cancer)(carcinoma), cancer(pancreatic cancer)(carcinoma), cancer(tongue cancer)(carcinoma), cancer(lung cancer)(carcinoma),cancer(endometrial cancer)(carcinoma), cancer(oral squamous cells)(carcinoma)",,progression,,"poor survival,glutamin transport, tumor growth",,,,human,,high,citation,"[5,6,8]",human,asct2,cancer(breast cancer)(na),,progression,,mediation of amino acid and glutamine transport,,high expression is marker for poor recurrence-free survival,,,breast,high,citation,"[4,5]",asct2,slc1a5,ai,147,147,,,,,,
pmc7221297,1.0,asct2(p),asct2(p),slc1a5,"cancer(breast cancer)(carcinoma), cancer(prostate cancer)(carcinoma), cancer(melanoma)(melanoma), cancer(colorectal cancer)(carcinoma), cancer(pancreatic cancer)(carcinoma), cancer(tongue cancer)(carcinoma), cancer(lung cancer)(carcinoma),cancer(endometrial cancer)(carcinoma), cancer(oral squamous cells)(carcinoma)",,progression,,"poor survival,glutamin transport, tumor growth",,,,human,,high,citation,"[5,6,8]",human,asct2,cancer(oral squamous cells carcinoma)(carcinoma),,progression,,asct2‐mediated glutamine transport,,highly expressed in tumors and might be related to their development,,,epithelial,low,indirect,[6],asct2,slc1a5,ai,147,148,,,,,,
pmc7221297,7.0,asct2(p),asct2(p),slc1a5,cancer(oral squamous cells)(carcinoma),,connected,,"overexpression, membrane,glutamine transport",,,patient,human,oral squamous cells,high,direct,"[71,73,74,80]",human,asct2,cancer(oral squamous cells carcinoma)(carcinoma),,connected,,overexpression,,"expression associated with survival rates, found in cell membrane",oscc cells,human,epithelial,high,direct,"[71,72,73,74,80]",asct2,slc1a5,ai,150,150,,,,,,
pmc7221297,7.0,gls(p),gls(p),gls,cancer(oral squamous cells)(carcinoma),,connected,,"overexpression,glutamine transport",,,patient,human,oral squamous cells,high,direct,"[71,74,80]",human,gls,cancer(oral squamous cells carcinoma)(carcinoma),,connected,,overexpression,,at all cancer stages,oscc cells,human,,high,direct,"[72,74,80]",gls,gls,ai,151,151,,,,,,
pmc7221297,7.0,ki67(p),ki67(p),mki67,cancer(oral squamous cells)(carcinoma),,connected,,overexpression,,,patient,human,oral squamous cells,high,direct,"[71,74,80]",human,ki‐67,cancer(oral squamous cells carcinoma)(carcinoma),,connected,,overexpression,,at all cancer stages,oscc cells,human,,high,direct,"[72,74,80]",ki‐67,mki67,ai,152,152,,,,,,
pmc7221297,8.0,asct2(p),asct2(p),slc1a5,cancer(oral squamous cells)(carcinoma),,connected,,"poor outcomes,",,,patient,human,oral squamous cells,high,direct,"[92,100]",human,asct2,cancer(oral squamous cells carcinoma)(carcinoma),,connected,,overexpression,,levels associated with tumor stage and overall survival,oscc cells,human,,high,direct,"[90,92,96,97]",asct2,slc1a5,ai,154,154,yes,,,,,
pmc7221297,9.0,asct2(p),asct2(p),slc1a5,cancer(oral squamous cells)(carcinoma),,connected,,glutamin transport,,,"um1,
hsc4, scc15, hsc6, cal33, and hsc3",human,oral squamous cells,high,"direct, citation","[106,107,109,111,113,117]",human,asct2,cancer(oral squamous cells carcinoma)(carcinoma),,progression,,overexpression,,significantly increased levels which are associated with glutamine addiction,"um1, hsc4, scc15, hsc6, cal33, hsc3",human,,high,direct,"[106,107,112,113,115,116,117]",asct2,slc1a5,ai,158,158,yes,,,,,
pmc7221297,9.0,asct2(p),asct2(p),slc1a5,cancer(oral squamous cells)(carcinoma),,connected,,glutamin transport,,,"um1,
hsc4, scc15, hsc6, cal33, and hsc3",human,oral squamous cells,high,"direct, citation","[106,107,109,111,113,117]",human,asct2,cancer(oral squamous cells carcinoma)(carcinoma),cells transfected with asct2‐specific sirnas,progression,inhibitor,overexpression,reducing expression by binding asct2 rna,"treatment inhibits proliferation, increased apoptosis","asct2‐knockdown scc15, um1",human,,high,direct,"[119,120,121,126,134,142,147]",asct2,slc1a5,ai,158,159,yes,,,,,
pmc7221297,9.0,asct2(p),asct2(p),slc1a5,cancer(oral squamous cells)(carcinoma),,connected,,glutamin transport,,,"um1,
hsc4, scc15, hsc6, cal33, and hsc3",human,oral squamous cells,high,"direct, citation","[106,107,109,111,113,117]",human,asct2(g)(mut),cancer(oral squamous cells carcinoma)(carcinoma),,progression,inhibitor,overexpression,,tumor growth inhibition,shasct2 scc15‐luc,mouse,,high,direct,[148],asct2(g)(mut),slc1a5,ai,158,160,yes,,,,,
pmc7221297,9.0,asct2(p),asct2(p),slc1a5,cancer(oral squamous cells)(carcinoma),knockout,progression,inhibitor,"proliferation,glutamin transport","reduced proliferation, apoptosis, ros",,"um1, scc15",human,oral squamous cells,high,direct,"[118,120,121,123,136]",human,asct2,cancer(oral squamous cells carcinoma)(carcinoma),,progression,,overexpression,,significantly increased levels which are associated with glutamine addiction,"um1, hsc4, scc15, hsc6, cal33, hsc3",human,,high,direct,"[106,107,112,113,115,116,117]",asct2,slc1a5,ai,159,158,yes,,,,,
pmc7221297,9.0,asct2(p),asct2(p),slc1a5,cancer(oral squamous cells)(carcinoma),knockout,progression,inhibitor,"proliferation,glutamin transport","reduced proliferation, apoptosis, ros",,"um1, scc15",human,oral squamous cells,high,direct,"[118,120,121,123,136]",human,asct2,cancer(oral squamous cells carcinoma)(carcinoma),cells transfected with asct2‐specific sirnas,progression,inhibitor,overexpression,reducing expression by binding asct2 rna,"treatment inhibits proliferation, increased apoptosis","asct2‐knockdown scc15, um1",human,,high,direct,"[119,120,121,126,134,142,147]",asct2,slc1a5,ai,159,159,yes,,,,,
pmc7221297,9.0,asct2(p),asct2(p),slc1a5,cancer(oral squamous cells)(carcinoma),knockout,progression,inhibitor,"proliferation,glutamin transport","reduced proliferation, apoptosis, ros",,"um1, scc15",human,oral squamous cells,high,direct,"[118,120,121,123,136]",human,,,,,,,,,,,,,,,,,,159,161,yes,,,,,
pmc7221297,9.0,asct2(p),asct2(p),slc1a5,cancer(oral squamous cells)(carcinoma),knockout,progression,inhibitor,"proliferation,glutamin transport",reduced tumor size,xenografts,"um1, scc15",mouse,oral squamous cells,high,direct,"[142,146,147]",human,asct2,cancer(oral squamous cells carcinoma)(carcinoma),,progression,,overexpression,,significantly increased levels which are associated with glutamine addiction,"um1, hsc4, scc15, hsc6, cal33, hsc3",human,,high,direct,"[106,107,112,113,115,116,117]",asct2,slc1a5,ai,160,158,yes,,,,,
pmc7221297,9.0,asct2(p),asct2(p),slc1a5,cancer(oral squamous cells)(carcinoma),knockout,progression,inhibitor,"proliferation,glutamin transport",reduced tumor size,xenografts,"um1, scc15",mouse,oral squamous cells,high,direct,"[142,146,147]",human,asct2,cancer(oral squamous cells carcinoma)(carcinoma),cells transfected with asct2‐specific sirnas,progression,inhibitor,overexpression,reducing expression by binding asct2 rna,"treatment inhibits proliferation, increased apoptosis","asct2‐knockdown scc15, um1",human,,high,direct,"[119,120,121,126,134,142,147]",asct2,slc1a5,ai,160,159,yes,,,,,
pmc7221297,9.0,asct2(p),asct2(p),slc1a5,cancer(oral squamous cells)(carcinoma),knockout,progression,inhibitor,"proliferation,glutamin transport",reduced tumor size,xenografts,"um1, scc15",mouse,oral squamous cells,high,direct,"[142,146,147]",human,asct2,cancer(oral squamous cells carcinoma)(carcinoma),targeted asct2 knockdown,progression,inhibitor,high expression,knockdown,expression level correlates with overall survival,,human,,high,direct,"[159,160]",asct2,slc1a5,ai,160,162,yes,,,,,
pmc7221297,10.0,asct2(p),asct2(p),slc1a5,cancer(oral squamous cells)(carcinoma),knockout,progression,inhibitor,"proliferation,glutamin transport, glutamin addiction","reduced tumor size, apoptosis, ros",xenografts,,mouse,oral squamous cells,high,direct,"[155,156,157,160,163,169,170,175,176,180,182]",human,asct2,cancer(oral squamous cells carcinoma)(carcinoma),targeted asct2 knockdown,progression,inhibitor,high expression,knockdown,expression level correlates with overall survival,,human,,high,direct,"[159,160]",asct2,slc1a5,ai,162,162,yes,,,,,
pmc7221297,10.0,asct2(p),asct2(p),slc1a5,cancer(oral squamous cells)(carcinoma),knockout,progression,inhibitor,"proliferation,glutamin transport, glutamin addiction","reduced tumor size, apoptosis, ros",xenografts,,mouse,oral squamous cells,high,direct,"[155,156,157,160,163,169,170,175,176,180,182]",human,asct2,cancer(oral squamous cells carcinoma)(carcinoma),,progression,,mediation of glutamine,,possible prognostic factor,,human,,medium,direct,"[162,170,185]",asct2,slc1a5,ai,162,163,yes,,,,,
pmc7221297,10.0,asct2(p),asct2(p),slc1a5,cancer(oral squamous cells)(carcinoma),knockout,progression,inhibitor,"proliferation,glutamin transport, glutamin addiction","reduced tumor size, apoptosis, ros",xenografts,,mouse,oral squamous cells,high,direct,"[155,156,157,160,163,169,170,175,176,180,182]",human,asct2,cancer(oral squamous cells carcinoma)(carcinoma),,connected,,increased expression,,"drives cell proliferation, glutamine addiction",,,,high,direct,"[164,168,169,175]",asct2,slc1a5,ai,162,167,yes,,,,,
pmc7221297,10.0,lat1(g),lat1(g),slc7a5,cancer(tounge cancer),,connected,,"proliferation, amino acid transport",,,,,tounge,medium,citation,[163],human,lat1,cancer(surgically resected tongue cancer)(na),,connected,,,,prognostic signifiicance,,,,high,citation,[163],lat1,slc7a5,ai,163,164,,,,,,
pmc7221297,10.0,xct(g),xct(g),slc7a11,cancer(tounge cancer),,connected,,"proliferation, amino acid transport",,,,,tounge,medium,citation,[163],human,xct,cancer(surgically resected tongue cancer)(na),,connected,,,,prognostic signifiicance,,,,high,citation,[163],xct,slc7a11,ai,164,166,,,,,,
pmc7221297,10.0,gls,gls,gls,cancer(oral squamous cells)(carcinoma),,connected,,"overexpression, marker, glutamine transport",,,patient,human,oral squamous cells,medium,direct,"[164,165,166,168]",human,gls,cancer(oral squamous cells carcinoma)(carcinoma),,connected,,increased expression,,,,,,high,direct,[164],gls,gls,ai,165,168,,,,,,
pmc7221297,10.0,gls,gls,gls,cancer(oral squamous cells)(carcinoma),,connected,,"overexpression, marker, glutamine transport",,,patient,human,oral squamous cells,medium,direct,"[164,165,166,168]",human,gls,cancer(oral squamous cells carcinoma)(carcinoma),,connected,,increased expression,,,,,,high,direct,[168],gls,gls,ai,165,169,,,,,,
pmc7221297,10.0,asct2(p),asct2(p),slc1a5,cancer(oral squamous cells)(carcinoma),,connected,,"overexpression, marker, glutamine transport",,,patient,human,oral squamous cells,high,direct,"[164,165,166,168]",human,asct2,cancer(oral squamous cells carcinoma)(carcinoma),targeted asct2 knockdown,progression,inhibitor,high expression,knockdown,expression level correlates with overall survival,,human,,high,direct,"[159,160]",asct2,slc1a5,ai,166,162,,,,,,
pmc7221297,10.0,asct2(p),asct2(p),slc1a5,cancer(oral squamous cells)(carcinoma),,connected,,"overexpression, marker, glutamine transport",,,patient,human,oral squamous cells,high,direct,"[164,165,166,168]",human,asct2,cancer(oral squamous cells carcinoma)(carcinoma),,progression,,mediation of glutamine,,possible prognostic factor,,human,,medium,direct,"[162,170,185]",asct2,slc1a5,ai,166,163,,,,,,
pmc7221297,10.0,asct2(p),asct2(p),slc1a5,cancer(oral squamous cells)(carcinoma),,connected,,"overexpression, marker, glutamine transport",,,patient,human,oral squamous cells,high,direct,"[164,165,166,168]",human,asct2,cancer(oral squamous cells carcinoma)(carcinoma),,connected,,increased expression,,"drives cell proliferation, glutamine addiction",,,,high,direct,"[164,168,169,175]",asct2,slc1a5,ai,166,167,,,,,,
pmc7221297,10.0,asct2(p),asct2(p),slc1a5,cancer(oral squamous cells)(carcinoma),knockout,progression,inhibitor,"proliferation,glutamin transport, glutamin addiction","reduced tumor size, apoptosis, ros",,oscc cells,human,oral squamous cells,high,direct,"[169,170,175,176,180]",human,asct2,cancer(oral squamous cells carcinoma)(carcinoma),targeted asct2 knockdown,progression,inhibitor,high expression,knockdown,expression level correlates with overall survival,,human,,high,direct,"[159,160]",asct2,slc1a5,ai,167,162,yes,,,,,
pmc7221297,10.0,asct2(p),asct2(p),slc1a5,cancer(oral squamous cells)(carcinoma),knockout,progression,inhibitor,"proliferation,glutamin transport, glutamin addiction","reduced tumor size, apoptosis, ros",,oscc cells,human,oral squamous cells,high,direct,"[169,170,175,176,180]",human,asct2,cancer(oral squamous cells carcinoma)(carcinoma),,progression,,mediation of glutamine,,possible prognostic factor,,human,,medium,direct,"[162,170,185]",asct2,slc1a5,ai,167,163,yes,,,,,
pmc7221297,10.0,asct2(p),asct2(p),slc1a5,cancer(oral squamous cells)(carcinoma),knockout,progression,inhibitor,"proliferation,glutamin transport, glutamin addiction","reduced tumor size, apoptosis, ros",,oscc cells,human,oral squamous cells,high,direct,"[169,170,175,176,180]",human,asct2,cancer(oral squamous cells carcinoma)(carcinoma),,connected,,increased expression,,"drives cell proliferation, glutamine addiction",,,,high,direct,"[164,168,169,175]",asct2,slc1a5,ai,167,167,yes,,,,,
pmc7247691,3.0,mir-21,mir-21,mir21,cancer(multiple myeloma)(myeloma),,connected,,overexpression,,mir,patient,human,,high,citation,"[43,44,47]",human,mir-21,"mgus, cancer(multiple myeloma)(myeloma)",,progression,,overexpression,,multistep disease progression,"mm, bm cd138+",human,,high,citation,"[42,43,44]",mir-21,mir21,ai,184,184,,,,,,
pmc7247691,3.0,mir-106b∼25(clu),mir-106b∼25(clu),mir106b-mir25(clu),cancer(multiple myeloma)(myeloma),,connected,,overexpression,,mir,patient,human,,high,citation,"[43,44]",human,mir-106b~25 cluster,"mgus, cancer(multiple myeloma)(myeloma)",,progression,,overexpression,,multistep disease progression,"mm, bm cd138+",human,,high,citation,"[42,43,44]",mir-106b~25 cluster,mir106b~25(cluster),ai,185,185,,,,,,
pmc7247691,3.0,mir-181a,mir-181a,mir181a1,cancer(multiple myeloma)(myeloma),,connected,,overexpression,,mir,patient,human,,high,citation,"[43,44]",human,mir-181a/b,"mgus, cancer(multiple myeloma)(myeloma)",,progression,,overexpression,,multistep disease progression,"mm, bm cd138+",human,,high,citation,"[42,43,44]",mir-181a/b,mir181(fam),ai,186,186,,,,,,
pmc7247691,3.0,mir-181b,mir-181b,mir181b1,cancer(multiple myeloma)(myeloma),,connected,,overexpression,,mir,patient,human,,high,citation,"[43,44]",human,mir-181a/b,"mgus, cancer(multiple myeloma)(myeloma)",,progression,,overexpression,,multistep disease progression,"mm, bm cd138+",human,,high,citation,"[42,43,44]",mir-181a/b,mir181(fam),ai,187,186,,,,,,
pmc7247691,3.0,mir-32,mir-32,mir32,cancer(multiple myeloma)(myeloma),,connected,,overexpression,,mir,patient,human,,high,citation,"[43,45]",human,mir-32,cancer(multiple myeloma)(myeloma),,progression,,overexpression,,multistep disease progression,mm cells,human,,high,citation,[45],mir-32,mir32,ai,188,187,,,,,,
pmc7247691,3.0,mir-17∼92(clu),mir-17∼92(clu),mir17hg(clu),cancer(multiple myeloma)(myeloma),,connected,,overexpression,,mir,patient,human,,high,citation,"[43,45]",human,mir-17~92 cluster,cancer(multiple myeloma)(myeloma),,progression,,overexpression,,multistep disease progression,mm cells,human,,high,citation,[45],mir-17~92 cluster,mir17~92(cluster),ai,189,188,,,,,,
pmc7247691,3.0,mir-17∼92(clu),mir-17∼92(clu),mir17hg(clu),cancer(multiple myeloma)(myeloma),,connected,,overexpression,,mir,patient,human,,high,citation,"[43,45]",human,mir-17~92 cluster,cancer(multiple myeloma)(myeloma),,connected,,modulation of mir profile,,"multistep disease progression, alteration of essential pathways",,,,high,citation,"[46,47,48,49]",mir-17~92 cluster,mir17~92(cluster),ai,189,189,,,,,,
pmc7247691,3.0,mir-15a(clu),mir-15a(clu),mir15a,cancer(multiple myeloma)(myeloma),,connected,,altered expression,,mir,,,,high,citation,[47],human,mir-15a,cancer(multiple myeloma)(myeloma),,connected,,modulation of mir profile,,"multistep disease progression, alteration of essential pathways",,,,high,citation,"[46,47,48,49]",mir-15a,mir15a,ai,190,190,,,,,,
pmc7247691,3.0,mir-15a(clu),mir-15a(clu),mir15a,cancer(multiple myeloma)(myeloma),,connected,,altered expression,,mir,,,,high,citation,[47],human,mir-15a/mir-16-1 cluster,cancer(multiple myeloma)(myeloma),,connected,,modulation of mir profile,,"multistep disease progression, alteration of essential pathways",,,,high,citation,"[46,47,48,49]",mir-15a/mir-16-1 cluster,mir15a~16(cluster),ai,190,192,,,,,,
pmc7247691,3.0,mir-16-1(clu),mir-16-1(clu),mir16-1,cancer(multiple myeloma)(myeloma),,connected,,altered expression,,mir,,,,high,citation,[47],human,mir-15a/mir-16-1 cluster,cancer(multiple myeloma)(myeloma),,connected,,modulation of mir profile,,"multistep disease progression, alteration of essential pathways",,,,high,citation,"[46,47,48,49]",mir-15a/mir-16-1 cluster,mir15a~16(cluster),ai,191,192,,,,,,
pmc7247691,3.0,mir-34(fam),mir-34(fam),mir34(fam),cancer(multiple myeloma)(myeloma),,connected,,altered expression,,mir,,,,high,citation,[47],human,mir-34 family,cancer(multiple myeloma)(myeloma),,connected,,modulation of mir profile,,"multistep disease progression, alteration of essential pathways",,,,high,citation,"[46,47,48,49]",mir-34 family,mir34(fam),ai,192,191,,,,,,
pmc7247691,3.0,mir-29b,mir-29b,mir29b1,cancer(multiple myeloma)(myeloma),,connected,,"tumor supressor,apoptosis, proliferation, migration, epigenetic modifications",,mir,,,,medium,citation,"[50,52]",human,mir-29-b,cancer(multiple myeloma)(myeloma),bortezomib,connected,activator,regulation of cell apoptosis and proliferation and migration,enhances bortezomib induced mm apoptosis,"epigenetic modification, targeting anti-apoptotic proteins",,,,high,citation,"[52,53]",mir-29-b,mir29b,ai,202,194,,,,,,
pmc7247691,4.0,mir-29b,mir-29b,mir29b1,cancer(multiple myeloma)(myeloma),,suppression,,"supression,inflamation,immune suppresion",,mir,,,,high,citation,"[64,65]",human,mir-29b,"cancer(multiple myeloma)(myeloma),mm-related bone disease",replacement of mir-29b,suppression,activator,expression decreases during osteoclast differentiation,increasing mir-29b levels,,,,,high,citation,[64],mir-29b,mir29b,ai,210,205,,,,,,
pmc7247691,5.0,mir-10a,mir-10a,mir10a,cancer(multiple myeloma)(myeloma),,progression,,cell proliferation,,mir,,,,high,citation,"[71,72,73]",human,mir-10a,cancer(multiple myeloma)(myeloma),inhibition of evs release from bm stromal cells,suppression,activator,cell proliferation in mm cells,inhibition of proliferation and induced apoptosis in bm stromal cells,mir transfer from bm to mm cells via evs,"bm cells, mm cells",,stroma,high,direct,"[71,72,73,74]",mir-10a,mir10a,ai,217,217,,,,,,
pmc7247691,6.0,mir-15a,mir-15a,mir15a,cancer(multiple myeloma)(myeloma),,suppression,,downregulation,,mir,,,,high,citation,[77],human,mir-146a,cancer(multiple myeloma)(myeloma),,progression,,"mm cells-derived exosomes induce overexpression, inducing secretion of cytokines and chemokines",,sustaining cell viability and migration,mm cells,,,high,citation,[79],mir-146a,mir146a,ai,219,219,,,,,,
pmc7247691,7.0,mir-133b,mir-133b,mir133b,cancer(lung cancer)(carcinoma),dotma-oa,suppression,connected,"inhibits cell proliferation, pro-apoptotic",,mir,,,,high,citation,[103],human,mir-133b,cancer(lung cancer)(na),dotma,suppression,activator,,"inhibition of call proliferation, increased apoptitic activity",,,,,medium,citation,[103],mir-133b,mir133b,ai,221,221,,,transport,,,
pmc7247691,7.0,mir-29b,mir-29b,mir29b1,cancer(lung cancer)(carcinoma),dotma-oa,suppression,connected,"inhibits cell proliferation, pro-apoptotic",,mir,,,,high,citation,[103],human,mir-29b,cancer(lung cancer)(na),dotma,suppression,activator,,"inhibition of call proliferation, increased apoptitic activity",,,,,medium,citation,[103],mir-29b,mir29b,ai,222,222,,,transport,,,
pmc7247691,7.0,mir-122,mir-122,mir122,cancer(hepatocellular carcinoma)(carcinoma),dotma-oa,connected,connected,,,mir,,,,medium,citation,[104],human,mir-122,cancer(hepatocellular carcinoma)(carcinoma),dotma-oa,connected,connected,,,"intravenous injection, builds complex, delivered to hcc cells",hcc cells,,,high,citation,[104],mir-122,mir122,ai,223,223,,,transport,,,
pmc7247691,7.0,mir-34a,mir-34a,mir34a,cancer()(melanoma),ddab,suppression,,inhibits tumor growth,,mir,b16f10-cd44+,mouse,,high,citation,[105],human,mir-34a,cancer(lung metastases)(melanoma),ddab,suppression,activator,,inhibition of tumor growth,forms complex,b16f10-cd44+,mouse,lung,high,citation,[105],mir-34a,mir34a,ai,224,224,,,,,,
pmc7247691,7.0,mir-34a(mut),mir-34a(mut),mir34a,cancer(prostate cancer)(carcinoma),,connected,,overexpressed,,mir,,,,high,citation,[106],human,mir-34a,"cancer(mm, prostate cancer, kidney carcinoma, glioblastoma, hcc)(myeloma, carcinoma, sarcoma)",,connected,,highly expressed mir-34a,,downregulated in mm during osteoclast differentiation,,,,high,citation,"[106,107]",mir-34a,mir34a,ai,225,225,,,,,,
pmc7247691,7.0,mir-34a(mut),mir-34a(mut),mir34a,cancer(kidney carcinoma)(carcinoma),,connected,,overexpressed,,mir,,,,high,citation,[106],human,mir-34a,"cancer(mm, prostate cancer, kidney carcinoma, glioblastoma, hcc)(myeloma, carcinoma, sarcoma)",,connected,,highly expressed mir-34a,,downregulated in mm during osteoclast differentiation,,,,high,citation,"[106,107]",mir-34a,mir34a,ai,226,225,,,,,,
pmc7247691,7.0,mir-34a(mut),mir-34a(mut),mir34a,cancer(glioblastoma)(glioma),,connected,,overexpressed,,mir,,,,high,citation,[106],human,mir-34a,"cancer(mm, prostate cancer, kidney carcinoma, glioblastoma, hcc)(myeloma, carcinoma, sarcoma)",,connected,,highly expressed mir-34a,,downregulated in mm during osteoclast differentiation,,,,high,citation,"[106,107]",mir-34a,mir34a,ai,227,225,,,,,,
pmc7247691,7.0,mir-34a(mut),mir-34a(mut),mir34a,cancer(hepatocellular carcinoma)(carcinoma),,connected,,overexpressed,,mir,,,,high,citation,[106],human,mir-34a,"cancer(mm, prostate cancer, kidney carcinoma, glioblastoma, hcc)(myeloma, carcinoma, sarcoma)",,connected,,highly expressed mir-34a,,downregulated in mm during osteoclast differentiation,,,,high,citation,"[106,107]",mir-34a,mir34a,ai,228,225,,,,,,
pmc7247691,7.0,mir-34a(mut),mir-34a(mut),mir34a,cancer(multiple myeloma)(myeloma),,connected,,"inhibits osteoclastogenesis,inhibits bone resorption, inhibits tumor growth",,mir,,,,high,citation,"[106,107,111]",human,mir-34a,"cancer(mm, prostate cancer, kidney carcinoma, glioblastoma, hcc)(myeloma, carcinoma, sarcoma)",,connected,,highly expressed mir-34a,,downregulated in mm during osteoclast differentiation,,,,high,citation,"[106,107]",mir-34a,mir34a,ai,229,225,,,,,,
pmc7247691,7.0,caspase3,caspase3,casp3,cancer(multiple myeloma)(myeloma),,connected,,apoptosis induction,,mir,,,,high,citation,[110],human,caspase-6,cancer(multiple myeloma)(myeloma),mir-34a mimic,suppression,activator,,induction of apoptosis,"in vitro, in vivo, no systemic toxicity of mir-34a mimic",,mouse,,high,citation,"[110,111]",caspase-6,casp6,ai,231,229,,,,,,
pmc7247691,7.0,caspase6,caspase6,casp6,cancer(multiple myeloma)(myeloma),,connected,,apoptosis induction,,mir,,,,high,citation,[110],human,caspase-3,cancer(multiple myeloma)(myeloma),mir-34a mimic,suppression,activator,,induction of apoptosis,"in vitro, in vivo, no systemic toxicity of mir-34a mimic",,mouse,,high,citation,"[110,111]",caspase-3,casp3,ai,232,230,,,,,,
pmc7247691,8.0,mirr-34a,mirr-34a,mir34a,cancer(prostate cancer)(carcinoma),pei,suppression,connected,,"inhibit proliferation,inhibit migration migration",mir,,,,high,citation,[124],human,mir-34a,cancer(prostate cancer)(na),conjugation of a pei with mir-34a,,inhibitor,,inhibition of tumor proliferation and migration,,,,,high,citation,[124],mir-34a,mir34a,ai,234,234,,,transport,,,
pmc7247691,8.0,mir-145,mir-145,mir145,cancer(colon cancer)(carcinoma),pei,suppression,connected,,inhibit tumor growth,mir,,,,high,citation,[124],human,mir-145,"cancer(colon cancer)(na),cancer(hepatocellular carcinoma)(carcinoma)",conjugation of a pei with mir-145,,inhibitor,,promotion of apoptosis and reduction of tumor invasion,,,,,high,citation,[124],mir-145,mir145,ai,235,236,,,transport,,,
pmc7247691,8.0,mir-33a,mir-33a,mir33a,cancer(colon cancer)(carcinoma),pei,suppression,connected,,inhibit tumor growth,mir,,,,high,citation,[124],human,mir-33a,cancer(colon cancer)(na),conjugation of a pei with mir-145 and mir-33a,,inhibitor,,blocking of tumor growth,,,,,high,citation,[124],mir-33a,mir33a,ai,236,235,,,transport,,,
pmc7247691,8.0,mir-145,mir-145,mir145,cancer(hepatocellular carcinoma)(carcinoma),pei,suppression,connected,,"promote apoptosis, inhibit invasion",mir,,,,high,citation,[124],human,mir-145,"cancer(colon cancer)(na),cancer(hepatocellular carcinoma)(carcinoma)",conjugation of a pei with mir-145,,inhibitor,,promotion of apoptosis and reduction of tumor invasion,,,,,high,citation,[124],mir-145,mir145,ai,237,236,,,transport,,,
pmc7247691,8.0,mir-122,mir-122,mir122,cancer(colon cancer)(carcinoma),plga,suppression,connected,,"promote apoptosis, inhibit tumorigenesis",mir,,,,high,citation,"[124,125]",human,mir-122,cancer(colon cancer)(na),conjugation with plga,,inhibitor,,"modulation of apoptosis, inhibition of tumorgenesis",,,human,colon,high,citation,[127],mir-122,mir122,ai,238,237,,,transport,,,
pmc7247691,8.0,mir-34a,mir-34a,mir34a,cancer(multiple myeloma)(myeloma),chitosan-plga,suppression,connected,,inhibits proliferation,mir,"rpmi-8226, skmm1",,,high,citation,"[125,129,130]",human,mir34a,cancer(multiple myeloma)(myeloma),conjugation with plga and chitosan,,inhibitor,,ihibition of cell proliferation,,"rpmi-8226 mm,skmm1 mm",,,high,citation,"[130,131]",mir34a,mir34a,ai,240,239,,,transport,,,
pmc7247691,8.0,mir-34a,mir-34a,mir34a,cancer(multiple myeloma)(myeloma),chitosan-plga,suppression,connected,,inhibits proliferation,mir,"rpmi-8226, skmm1",,,high,citation,"[125,129,130]",human,runx2,cancer(osteosarcoma)(sarcoma),reduction of runx2 level using crispr/cas9,progression,inhibitor,,reduction of runx2 levels,long-term reduction leads to cell death,sc2.lm,mouse,,high,direct,[222],runx2,runx2,ai,240,24,,,transport,,,
pmc7247691,8.0,mir-34a,mir-34a,mir34a,cancer(multiple myeloma)(myeloma),chitosan-plga,suppression,connected,,"inhibits cell growth, host survival",mir,nod-scid,mouse,,high,citation,"[125,129,131]",human,mir34a,cancer(multiple myeloma)(myeloma),conjugation with plga and chitosan,,inhibitor,,ihibition of cell proliferation,,"rpmi-8226 mm,skmm1 mm",,,high,citation,"[130,131]",mir34a,mir34a,ai,241,239,,,transport,,,
pmc7247691,8.0,mir-34a,mir-34a,mir34a,cancer(multiple myeloma)(myeloma),chitosan-plga,suppression,connected,,"inhibits cell growth, host survival",mir,nod-scid,mouse,,high,citation,"[125,129,131]",human,mir34a mimic,cancer(multiple myeloma)(myeloma),conjugation with plga and chitosan,,inhibitor,,ihibition of cell proliferation,"improved survival, no organ toxicity",nod-scid,mouse,,high,citation,"[130,131]",mir34a mimic,mir34a(mimic),ai,241,240,,,transport,,,
pmc7247691,9.0,mir-16-5p,mir-16-5p,mir16-5,cancer(multiple myeloma)(myeloma),,,,"downregulated,bortezomib resistant",,mir,patient,human,,medium,citation,[142],human,mir-16-5p,cancer(multiple myeloma)(myeloma),bortezomib,,connected,,,downregulated in bortezomib resistance,,human,,high,citation,[142],mir-16-5p,mir16-5p,ai,243,243,yes,,,,,
pmc7247691,9.0,mir-15a-5p,mir-15a-5p,mir15a,cancer(multiple myeloma)(myeloma),,,,"downregulated,bortezomib resistant",,mir,patient,human,,medium,citation,[142],human,mir-15a-5p,cancer(multiple myeloma)(myeloma),bortezomib,,connected,,,downregulated in bortezomib resistance,,human,,high,citation,[142],mir-15a-5p,mir15a-5p,ai,244,244,yes,,,,,
pmc7247691,9.0,mir-20a-5p,mir-20a-5p,mir20a,cancer(multiple myeloma)(myeloma),,,,"downregulated,bortezomib resistant",,mir,patient,human,,medium,citation,[142],human,mir-20a-5p,cancer(multiple myeloma)(myeloma),bortezomib,,connected,,,downregulated in bortezomib resistance,,human,,high,citation,[142],mir-20a-5p,mir20a-5p,ai,245,245,yes,,,,,
pmc7247691,9.0,mir-17-5p,mir-17-5p,mir17,cancer(multiple myeloma)(myeloma),,,,"downregulated,bortezomib resistant",,mir,patient,human,,medium,citation,[142],human,mir-17-5p,cancer(multiple myeloma)(myeloma),bortezomib,,connected,,,downregulated in bortezomib resistance,,human,,high,citation,[142],mir-17-5p,mir17-5p,ai,246,246,yes,,,,,
pmc7247691,9.0,let-7b,let-7b,let7b,cancer(multiple myeloma)(myeloma),,,,poor outcome,,"mir,circulating exosomes",patient,human,,medium,citation,[143],human,let-7b,cancer(multiple myeloma)(myeloma),,suppression,,,,poor outcome for newly diagnosed patients if found in circulating exosomes,,human,,high,citation,"[143,144]",let-7b,let7b,ai,247,247,yes,,,,,
pmc7247691,9.0,mir-18a,mir-18a,mir18a,cancer(multiple myeloma)(myeloma),,suppression,,"poor outcome,inhibition proliferation,inhibition dissemination,inhibition metastasis",,"mir,circulating exosomes, macrophage activation",patient,human,,medium,citation,[143],human,mir-18a,cancer(multiple myeloma)(myeloma),,connected,,,,poor outcome for newly diagnosed patients if found in circulating exosomes,,human,,high,citation,[143],mir-18a,mir18a,ai,248,248,yes,,,,,
pmc7247691,9.0,mir-146b,mir-146b,mir146b,cancer(primary brain cancer)(glioma),overexpression,suppression,,,tumor growth reduction,"mir,exosomes",,rat,brain,high,citation,[151],human,mir-146b,cancer(primary brain tumor)(na),delivery via intra-tumor injection of exosomes,suppression,inhibitor,,,reduced tumor growth,xenograft glioma,rat,brain,high,citation,[151],mir-146b,mir146b,ai,250,250,,,,,,
pmc7247691,9.0,smad(fam),smad(fam),smad(fam),cancer(na)(glioma),,connected,,"loss, poor outcomes",,,patient,human,na,high,citation,[149],human,smad-4,cancer(glioma)(sarcoma),,suppression,,,,loss of smad-4 indicates poor outcome,,,,high,citation,[149],smad-4,smad4,ai,251,249,,,,,,
pmc7247691,11.0,mir-155,mir-155,mir155,cancer(na)(lymphoma),mrg-106,connected,inhibitor,"differentiation, proliferation",inhibition proliferation,"blood cells, lymphatic cells",,,,high,citation,"[168,169]",human,mir-155,cancer(mycosis fungoides)(lymphoma),mrg-106,progression,inhibitor,cell proliferation and differentiation,inhibition of cell proliferation,"improvement of skin lesions, disease-associated symptoms, and quality of life",,human,,high,citation,"[168,169]",mir-155,mir155,ai,255,257,,,,,,
pmc7247691,11.0,mir-10b,mir-10b,mir10b,cancer(glioblastoma multiforme)(glioma),rgls5579,progression,inhibitor,"proliferation, migration, invasion",,,,,,high,citation,"[172,173]",human,mir-10b,cancer(glioblastoma multiforme)(sarcoma),rgls5579,progression,inhibitor,cell proliferation and migration and invasion,ihibition of mir-10b,,,human,brain,high,citation,"[172,173]",mir-10b,mir10b,ai,256,259,,,,,,
pmc7247691,13.0,mir-221,mir-221,mir221,cancer(multiple myeloma)(myeloma),lna-i-mir-221,progression,inhibitor,drug resistance,apoptosis,"dexamethasone, melphalan",,mouse,,high,citation,"[184,185]",human,mir-221/222,cancer(multiple myeloma)(myeloma),lna-i-mir-221,progression,inhibitor,resistance to dexamethasone,"ihibition of mir-221/222, upregulation of puma",treatment reduces resistance to dexamethasone in vitro,mm1r mm cells,,,high,citation,[184],mir-221/222,mir221/222(fam),ai,264,265,,,,,,
pmc7247691,13.0,mir-221,mir-221,mir221,cancer(multiple myeloma)(myeloma),lna-i-mir-221,progression,inhibitor,drug resistance,apoptosis,"dexamethasone, melphalan",,mouse,,high,citation,"[184,185]",human,mir-221/223,cancer(multiple myeloma)(myeloma),lna-i-mir-222,progression,inhibitor,drug resistance,"restores drug sensitivity, triggering apoptosis",in vitro and in vivo,melphalan-refractory mm cells,,,high,citation,[185],mir-221/223,mir221/223(fam),ai,264,266,,,,,,
pmc7247691,15.0,mir-21,mir-21,mir21,cancer(multiple myeloma)(myeloma),,progression,,"proliferation, survival, overexpression",,,,,,high,citation,[209],human,mir-21,cancer(multiple myeloma)(myeloma),,progression,,proliferation and survival,,in vitro and in vivo,,,,high,citation,[209],mir-21,mir21,ai,270,270,,,,,,
pmc7247691,15.0,mir-106b-25(clu),mir-106b-25(clu),mir106b-mir25(clu),cancer(multiple myeloma)(myeloma),,progression,,"cell viability, colony formation,overexpressed",,,,,,high,citation,[209],human,mir-106b-25 cluster,cancer(multiple myeloma)(myeloma),,progression,,"cell viability, colony formation",,,,,,high,citation,[209],mir-106b-25 cluster,mir106b-25(cluster),ai,271,271,,,,,,
pmc7247691,15.0,mir-181a/b,mir-181a/b,mir181(fam),cancer(multiple myeloma)(myeloma),,progression,,"cell proliferation, apoptosis,overexpressed",,,,,,high,citation,[209],human,mir-181a/b,cancer(multiple myeloma)(myeloma),,progression,,"cell proliferation,apoptosis",,,,,,high,citation,[209],mir-181a/b,mir181(fam),ai,272,272,,,,,,
pmc7247691,15.0,mir-15a/16-1(clu),mir-15a/16-1(clu),mir15a-mir16(clu),cancer(multiple myeloma)(myeloma),,suppression,,"proliferation, apoptosis, angiogenesis, downregulated",,,,,,high,citation,[209],human,mir-15a/16-1 cluster,cancer(multiple myeloma)(myeloma),,suppression,,"proliferation, apoptosis, angiogenesis",,,,,,high,citation,[209],mir-15a/16-1 cluster,mir15a-16(cluster),ai,273,273,,,,,,
pmc7247691,15.0,mir-17-92(clu),mir-17-92(clu),mir17hg(clu),cancer(multiple myeloma)(myeloma),,progression,,"drug resistance, poor prognosis, overexpressed",,,,,,high,citation,[209],human,mir-17-92 cluster,cancer(multiple myeloma)(myeloma),,progression,,mm cells drug resistance,,poor prognosis,,,,high,citation,[209],mir-17-92 cluster,mir17-92(cluster),ai,274,274,,,,,,
pmc7247691,15.0,mir-34(fam),mir-34(fam),mir34(fam),cancer(multiple myeloma)(myeloma),,suppression,,"cell cycle, apoptosis, tumor growth, downregulated",,,,,,high,citation,[209],human,mir-34 family,cancer(multiple myeloma)(myeloma),,suppression,,"cell cycle, apoptosis, tumor growth in vivo",,,,,,high,citation,[209],mir-34 family,mir34(fam),ai,275,275,,,,,,
pmc7247691,15.0,mir-29b,mir-29b,mir29b1,cancer(multiple myeloma)(myeloma),,suppression,,"cell proliferation, apoptosis, migration, downregulated",,,,,,high,citation,[209],human,mir-29b,cancer(multiple myeloma)(myeloma),,suppression,,"cell proliferation, apoptosis,migration",,,,,,high,citation,[209],mir-29b,mir29b,ai,276,276,,,,,,
pmc7247691,15.0,mir-125a-5p,mir-125a-5p,mir125a,cancer(multiple myeloma)(myeloma),,progression,,"cell growth, apoptosis, migration, overexpressed",,,,,,high,citation,[209],human,mir-125a-5p,cancer(multiple myeloma)(myeloma),,progression,,"cell growth, apoptosis, migration",,,,,,high,citation,[209],mir-125a-5p,mir125a-5p,ai,277,277,,,,,,
pmc7247691,15.0,mir-125b-5p,mir-125b-5p,mir125b,cancer(multiple myeloma)(myeloma),,suppression,,"cell growth, apoptosis, autophagy, downregulated",,,,,,high,citation,[209],human,mir-125b-5p,cancer(multiple myeloma)(myeloma),,suppression,,"cell growth,apoptosis, autophagy",,,,,,high,citation,[209],mir-125b-5p,mir125b-5p,ai,278,278,,,,,,
